Ticker,Company
INVE-A.ST,Investor AB (publ)
INVE-B.ST,Investor AB (publ)
ATCO-A.ST,Atlas Copco AB (publ)
ATCO-B.ST,Atlas Copco AB (publ)
VOLV-A.ST,AB Volvo (publ)
VOLV-B.ST,AB Volvo (publ)
SAND.ST,Sandvik AB (publ)
ERIC-B.ST,Telefonaktiebolaget LM Ericsson (publ)
ERIC-A.ST,Telefonaktiebolaget LM Ericsson (publ)
SWED-A.ST,Swedbank AB (publ)
ASSA-B.ST,ASSA ABLOY AB (publ)
EQT.ST,EQT AB (publ)
SEB-A.ST,Skandinaviska Enskilda Banken AB (publ)
SEB-C.ST,Skandinaviska Enskilda Banken AB (publ)
EPI-B.ST,Epiroc AB (publ)
EPI-A.ST,Epiroc AB (publ)
SAAB-B.ST,Saab AB (publ)
SHB-A.ST,Svenska Handelsbanken AB (publ)
SHB-B.ST,Svenska Handelsbanken AB (publ)
HM-B.ST,H & M Hennes & Mauritz AB (publ)
HEXA-B.ST,Hexagon AB (publ)
ALFA.ST,Alfa Laval AB (publ)
INDU-C.ST,AB Industrivärden (publ)
INDU-A.ST,AB Industrivärden (publ)
TELIA.ST,Telia Company AB (publ)
ESSITY-B.ST,Essity AB (publ)
ESSITY-A.ST,Essity AB (publ)
SOBI.ST,Swedish Orphan Biovitrum AB (publ)
BOL.ST,Boliden AB (publ)
EVO.ST,Evolution AB (publ)
LUND-B.ST,L E Lundbergföretagen AB (publ)
LIFCO-B.ST,Lifco AB (publ)
LATO-B.ST,Investment AB Latour (publ)
TEL2-A.ST,Tele2 AB (publ)
TEL2-B.ST,Tele2 AB (publ)
SKF-B.ST,AB SKF (publ)
SKF-A.ST,AB SKF (publ)
SKA-B.ST,Skanska AB (publ)
ADDT-B.ST,Addtech AB (publ.)
SSAB-A.ST,SSAB AB (publ)
SSAB-B.ST,SSAB AB (publ)
TREL-B.ST,Trelleborg AB (publ)
SECU-B.ST,Securitas AB (publ)
NIBE-B.ST,NIBE Industrier AB (publ)
SAVE.ST,Nordnet AB (publ)
INDT.ST,Indutrade AB (publ)
SCA-A.ST,Svenska Cellulosa Aktiebolaget SCA (publ)
SCA-B.ST,Svenska Cellulosa Aktiebolaget SCA (publ)
VOLCAR-B.ST,Volvo Car AB (publ.)
AAK.ST,AAK AB (publ.)
BEIJ-B.ST,Beijer Ref AB (publ)
BALD-B.ST,Fastighets AB Balder (publ)
SAGA-B.ST,AB Sagax (publ)
SAGA-A.ST,AB Sagax (publ)
SAGA-D.ST,AB Sagax (publ)
MYCR.ST,Mycronic AB (publ)
CAST.ST,Castellum AB (publ)
AXFO.ST,Axfood AB (publ)
AZA.ST,Avanza Bank Holding AB (publ)
LAGR-B.ST,Lagercrantz Group AB (publ)
GETI-B.ST,Getinge AB (publ)
SECT-B.ST,Sectra AB (publ)
HOLM-A.ST,Holmen AB (publ)
HOLM-B.ST,Holmen AB (publ)
SWEC-A.ST,Sweco AB (publ)
SWEC-B.ST,Sweco AB (publ)
NOBA.ST,NOBA Bank Group AB (publ)
MTRS.ST,Munters Group AB (publ)
ASMDEE-B.ST,Asmodee Group AB (publ)
PNDX-B.ST,Pandox AB (publ)
ASKER.ST,Asker Healthcare Group AB (publ)
MCOV-B.ST,Medicover AB (publ)
CAMX.ST,Camurus AB (publ)
LOOMIS.ST,Loomis AB (publ)
HMS.ST,HMS Networks AB (publ)
BIOA-B.ST,BioArctic AB (publ)
CATE.ST,Catena AB (publ)
ROKO-B.ST,Röko AB (publ)
CLAS-B.ST,Clas Ohlson AB (publ)
SINCH.ST,Sinch AB (publ)
SILEX.ST,Silex Microsystems AB (publ)
HPOL-B.ST,HEXPOL AB (publ)
WIHL.ST,Wihlborgs Fastigheter AB (publ)
WALL-B.ST,Wallenstam AB (publ)
PEAB-B.ST,Peab AB (publ)
FABG.ST,Fabege AB (publ)
HUSQ-A.ST,Husqvarna AB (publ)
HUSQ-B.ST,Husqvarna AB (publ)
HUFV-A.ST,Hufvudstaden AB (publ)
THULE.ST,Thule Group AB (publ)
HACK.ST,Hacksaw AB (publ)
EKTA-B.ST,Elekta AB (publ)
BRAV.ST,Bravida Holding AB (publ)
BUFAB.ST,Bufab AB (publ)
BURE.ST,Bure Equity AB (publ)
AQ.ST,AQ Group AB (publ)
ALLEI.ST,Alleima AB (publ)
SIVE.ST,Sivers Semiconductors AB (publ)
OEM-B.ST,OEM International AB (publ)
GRNG.ST,Gränges AB (publ)
SHOT.ST,Scandic Hotels Group AB (publ)
NCC-A.ST,NCC AB (publ)
NCC-B.ST,NCC AB (publ)
BEIA-B.ST,Beijer Alma AB (publ)
INTEA-D.ST,Intea Fastigheter AB (publ)
INTEA-B.ST,Intea Fastigheter AB (publ)
ATRLJ-B.ST,Atrium Ljungberg AB (publ)
ALIF-B.ST,AddLife AB (publ)
PUBLI.ST,PPI Public Property Invest AB (publ)
NP3.ST,NP3 Fastigheter AB (publ)
BONEX.ST,Bonesupport Holding AB (publ)
MTG-A.ST,Modern Times Group MTG AB
MTG-B.ST,Modern Times Group MTG AB
KINV-A.ST,Kinnevik AB
KINV-B.ST,Kinnevik AB
ATT.ST,Attendo AB (publ)
STOR-B.ST,Storskogen Group AB (publ)
BILL.ST,Billerud AB (publ)
SYSR.ST,Systemair AB (publ)
EMBRAC-B.ST,Embracer Group AB (publ)
VIMIAN.ST,Vimian Group AB (publ)
RUSTA.ST,Rusta AB (publ)
NCAB.ST,NCAB Group AB (publ)
CLA-B.ST,Cloetta AB (publ)
HOFI.ST,Hoist Finance AB (publ)
VITR.ST,Vitrolife AB (publ)
PDX.ST,Paradox Interactive AB (publ)
NOLA-B.ST,Nolato AB (publ)
ELUX-B.ST,AB Electrolux (publ)
ELUX-A.ST,AB Electrolux (publ)
ALTRA.ST,Altra Fastigheter AB (publ)
AFRY.ST,Afry AB
BIOG-B.ST,BioGaia AB (publ)
NEWA-B.ST,New Wave Group AB (publ)
EPRO-B.ST,Electrolux Professional AB (publ)
CIBUS.ST,Cibus Nordic Real Estate AB (publ)
BILI-A.ST,Bilia AB (publ)
IVSO.ST,Invisio AB (publ)
BETS-B.ST,Betsson AB (publ)
PLEJD.ST,Plejd AB (publ)
SKIS-B.ST,SkiStar AB (publ)
AMBEA.ST,Ambea AB (publ)
VIT-B.ST,Vitec Software Group AB (publ)
RATO-A.ST,Ratos AB (publ)
RATO-B.ST,Ratos AB (publ)
TFBANK.ST,Avarda Bank AB (publ)
ALIG.ST,Alimak Group AB (publ)
HANZA.ST,Hanza AB (publ)
SLP-B.ST,Swedish Logistic Property AB
LIAB.ST,Lindab International AB (publ)
CRED-A.ST,Creades AB
NORION.ST,Norion Bank AB (publ)
INSTAL.ST,Instalco AB (publ)
ENGCON-B.ST,engcon AB (publ)
DOM.ST,Dometic Group AB (publ)
AVARDA.ST,Avarda Bank AB (publ)
ACAD.ST,AcadeMedia AB (publ)
HTRO.ST,Hexatronic Group AB (publ)
CORE-A.ST,Corem Property Group AB (publ)
CORE-D.ST,Corem Property Group AB (publ)
CORE-B.ST,Corem Property Group AB (publ)
SDIP-B.ST,Sdiptech AB (publ)
SCST.ST,Scandi Standard AB (publ)
XVIVO.ST,Xvivo Perfusion AB (publ)
DIOS.ST,Diös Fastigheter AB (publ)
HEM.ST,Hemnet Group AB (publ)
MILDEF.ST,MilDef Group AB (publ)
DYVOX.ST,Dynavox Group AB (publ)
PLAZ-B.ST,Platzer Fastigheter Holding AB (publ)
MCAP.ST,MedCap AB (publ)
VBG-B.ST,VBG Group AB (publ)
INWI.ST,Inwido AB (publ)
FPAR-A.ST,FastPartner AB (publ)
FPAR-D.ST,FastPartner AB (publ)
STORY-B.ST,Storytel AB (publ)
BERG-B.ST,Bergman & Beving AB (publ)
EMIL-B.ST,Fastighetsbolaget Emilshus AB (publ)
APOTEA.ST,Apotea AB (publ)
SBB-B.ST,Samhällsbyggnadsbolaget i Norden AB (publ)
SBB-D.ST,Samhällsbyggnadsbolaget i Norden AB (publ)
BOOZT.ST,Boozt AB (publ)
SYNSAM.ST,Synsam AB (publ)
JM.ST,JM AB (publ)
OVZON.ST,Ovzon AB (publ)
LOGI-B.ST,Logistea AB (publ)
LOGI-A.ST,Logistea AB (publ)
VPLAY-B.ST,Viaplay Group AB (publ)
VPLAY-A.ST,Viaplay Group AB (publ)
KAR.ST,Karnov Group AB (publ)
RAY-B.ST,RaySearch Laboratories AB (publ)
VOLO.ST,Volati AB (publ)
ARJO-B.ST,Arjo AB (publ)
SVEAF.ST,Sveafastigheter AB (publ)
ALLIGO-B.ST,Alligo AB (publ)
ORES.ST,Investment AB Öresund (publ)
MIPS.ST,Mips AB (publ)
TROAX.ST,Troax Group AB (publ)
GOTL-B.ST,Rederiaktiebolaget Gotland (publ)
GOTL-A.ST,Rederiaktiebolaget Gotland (publ)
ANOD-B.ST,Addnode Group AB (publ)
ACAST.ST,Acast AB (publ)
RVRC.ST,RVRC Holding AB (publ)
STEF-B.ST,Stendörren Fastigheter AB (publ)
MMGR-B.ST,Momentum Group AB (publ)
YUBICO.ST,Yubico AB
BAHN-B.ST,Bahnhof AB (publ)
SVOL-A.ST,Svolder AB (publ)
SVOL-B.ST,Svolder AB (publ)
ZZ-B.ST,Zinzino AB (publ)
FLAT-B.ST,Flat Capital AB (publ)
COOR.ST,Coor Service Management Holding AB
SPLTN.ST,Investment AB Spiltan
NOTE.ST,NOTE AB (publ)
VESTUM.ST,Vestum AB (publ)
JOMA.ST,John Mattson Fastighetsföretagen AB (publ)
HAYPP.ST,Haypp Group AB (publ)
EPEN.ST,Ependion AB
BHG.ST,BHG Group AB (publ)
LINC.ST,Linc AB
EAST.ST,Eastnine AB (publ)
TRUE-B.ST,Truecaller AB (publ)
MEKO.ST,Meko AB (publ)
COFFEE-B.ST,Coffee Stain Group AB (publ)
SECARE.ST,Swedencare AB (publ)
KARNEL-B.ST,Karnell Group AB (publ)
HEBA-B.ST,Heba Fastighets AB (publ)
SFAST.ST,Stenhus Fastigheter i Norden AB (publ)
NMAN.ST,Nederman Holding AB (publ)
HEIM-PREF.ST,Heimstaden AB (publ)
PRISMA.ST,Prisma Properties AB (publ)
NYAB.ST,Nyab AB (publ)
VISC.ST,Gruvaktiebolaget Viscaria
DUNI.ST,Duni AB (publ)
ITAB.ST,ITAB Shop Concept AB (publ)
IDUN-B.ST,Idun Industrier AB (publ)
NREST.ST,Nordrest Holding AB (publ)
BTS-B.ST,BTS Group AB (publ)
MAHA-A.ST,Maha Capital AB (publ)
GOMX.ST,GomSpace Group AB (publ)
NIVI-B.ST,Nivika Fastigheter AB (publ)
REJL-B.ST,Rejlers AB (publ)
ENITY.ST,Enity Holding AB (publ)
TRAC-B.ST,AB Traction
SEYE.ST,Smart Eye AB (publ)
FMM-B.ST,FM Mattsson AB (publ)
FAG.ST,Fagerhult Group AB
HNSA.ST,Hansa Biopharma AB (publ)
PACT.ST,Proact IT Group AB (publ)
TRIAN-B.ST,Fastighets AB Trianon (publ)
VICO.ST,Vicore Pharma Holding AB (publ)
SVED-B.ST,Svedbergs Group AB (publ)
HUMBLE.ST,Humble Group AB (publ)
VER.ST,Verve Group SE
BRIN-B.ST,Brinova Fastigheter AB (publ)
EGTX.ST,Egetis Therapeutics AB (publ)
XANO-B.ST,XANO Industri AB (publ)
LIME.ST,Lime Technologies AB (publ)
CEVI.ST,CellaVision AB (publ)
ORRON.ST,Orrön Energy AB (publ)
MORROW.ST,Morrow Bank AB
BONAV-A.ST,Bonava AB (publ)
BONAV-B.ST,Bonava AB (publ)
BMAX.ST,Byggmax Group AB (publ)
VIVA.ST,Viva Wine Group AB
KFAST-B.ST,K-Fast Holding AB (publ)
TEQ.ST,Teqnion AB (publ)
BESQAB.ST,Besqab AB (publ)
AGROUP.ST,Arlandastad Group AB (publ)
SMCRT.ST,SmartCraft Group AB (publ)
INTRUM.ST,Intrum AB (publ)
KNOW.ST,Knowit AB (publ)
HUM.ST,Humana AB (publ)
SF.ST,Stillfront Group AB (publ)
DUST.ST,Dustin Group AB (publ)
NEOBO.ST,Neobo Fastigheter AB (publ)
VNV.ST,VNV Global AB (publ)
KBC.ST,KB Components AB (publ)
KLARA-B.ST,KlaraBo Sverige AB (publ)
FLERIE.ST,Flerie AB (publ)
STIL.ST,Stille AB
BYGGP.ST,ByggPartner Gruppen AB (publ)
ABSO.ST,Absolent Air Care Group AB (publ)
CINT.ST,Cint Group AB (publ)
SVIK.ST,Studsvik AB (publ)
MSON-B.ST,Midsona AB (publ)
MSON-A.ST,Midsona AB (publ)
SUS.ST,Surgical Science Sweden AB (publ)
VEFAB.ST,VEF AB (publ)
FG.ST,Fasadgruppen Group AB (publ)
GREEN.ST,Green Landscaping Group AB (publ)
CLAV.ST,Clavister Holding AB (publ.)
CRNO-B.ST,Cereno Scientific AB (publ)
ELTEL.ST,Eltel AB (publ)
SANION.ST,Saniona AB (publ)
VSSAB-B.ST,Viking Supply Ships AB (publ)
CAT-A.ST,Catella AB (publ)
CAT-B.ST,Catella AB (publ)
BINV.ST,BioInvent International AB (publ)
ELAN-B.ST,Elanders AB (publ)
SIVI.ST,Siljansvik AB (publ)
WSG.ST,WS WeSports Group AB (publ)
VERT-B.ST,Vertiseit AB (publ)
EG7.ST,Enad Global 7 AB (publ)
SFAB.ST,Solid Försäkringsaktiebolag (publ)
INISS-B.ST,Inission AB (publ)
GPG.ST,Genova Property Group AB (publ)
PCELL.ST,PowerCell Sweden AB (publ)
SOSI.ST,Sotkamo Silver AB
ENEA.ST,Enea AB (publ)
KABE-B.ST,KABE Group AB (publ.)
BORG.ST,Björn Borg AB (publ)
DVYSR.ST,Devyser Diagnostics AB (publ)
CARA.ST,Carasent AB (publ)
TRAIN-B.ST,Train Alliance AB (publ)
CHEF.ST,Cheffelo AB (publ)
AJA-B.ST,Byggmästare Anders J Ahlström Holding AB (publ)
EXS.ST,Exsitec Holding AB (publ)
CTT.ST,CTT Systems AB (publ)
ANNE-B.ST,Annehem Fastigheter AB
SALT-B.ST,SaltX Technology Holding AB (publ)
BERNER-B.ST,Berner Industrier AB
CCC.ST,Cavotec Group AB
MSAB-B.ST,Micro Systemation AB (publ)
NETI-B.ST,Net Insight AB (publ)
BRIX.ST,Briox AB (publ)
GENO.ST,Genovis AB (publ.)
LEA.ST,Lea Bank AB (publ)
BICO.ST,BICO Group AB (publ)
ASTOR.ST,Scandinavian Astor Group AB (publ)
FNOVA-B.ST,Fortinova Fastigheter AB (Publ)
PAX.ST,Paxman AB (publ)
FPIP.ST,Formpipe Software AB (publ)
XSPRAY.ST,Xspray Pharma AB (publ)
CRAD-B.ST,C-Rad AB (publ)
EOLU-B.ST,Eolus Aktiebolag (publ)
SOF-B.ST,Softronic AB (publ)
KJELL.ST,Kjell Group AB (publ)
NOBI.ST,Nobia AB (publ)
AAC.ST,AAC Clyde Space AB (publ)
RUG.ST,RugVista Group AB (publ)
ACCON.ST,Acconeer AB (publ)
BOKUS.ST,Bokusgruppen AB (publ)
NELLY.ST,Nelly Group AB (publ)
BULTEN.ST,Bulten AB (publ)
PREV-B.ST,Prevas AB
EWRK.ST,Ework Group AB (publ)
ADVE.ST,Advenica AB (publ)
FIRE.ST,Firefly AB (publ)
STATE.ST,Safestate Group AB (publ)
MVIR.ST,Medivir AB (publ)
STUDBO.ST,Studentbostäder i Norden AB (publ)
CTEK.ST,CTEK AB (publ)
SEDANA.ST,Sedana Medical AB (publ)
W5.ST,W5 Solutions AB (publ)
LYKO-A.ST,Lyko Group AB (publ)
ARPL.ST,Arla Plast AB
LUMEN.ST,LumenRadio AB (publ)
NIL-B.ST,Nilörngruppen AB (publ)
ALM.ST,ALM Equity AB (publ)
EMBELL.ST,Embellence Group AB (publ)
GRANGX.ST,Grangex AB
MANG.ST,Mangold Fondkommission AB
TINGS-B.ST,Tingsvalvet Fastighets AB (publ)
TINGS-A.ST,Tingsvalvet Fastighets AB (publ)
ALCA.ST,Alcadon Group AB (publ)
RAIL.ST,Railcare Group AB (publ)
QBEN.ST,Qben Infra AB (publ)
CDON.ST,CDON AB
SYNACT.ST,SynAct Pharma AB
ITECH.ST,I-Tech AB
EQL.ST,EQL Pharma AB (publ)
PIERCE.ST,Pierce Group AB (publ)
CAG.ST,CAG Group AB (publ)
ATIC.ST,Actic Group AB (publ)
IBT-B.ST,Infant Bacterial Therapeutics AB (publ)
KAPIAB.ST,Kallebäck Property Invest AB (publ)
PROF-B.ST,ProfilGruppen AB (publ)
CANTA.ST,Cantargia AB (publ)
FNM.ST,Ferronordic AB (publ)
SEZI.ST,Senzime AB (publ)
CX.ST,CombinedX AB (publ)
EPIS-B.ST,Episurf Medical AB (publ)
CASE.ST,Case Group AB (publ)
DURC-B.ST,Duroc AB (publ)
SINT.ST,SinterCast AB (publ)
ORX.ST,Orexo AB (publ)
QLIRO.ST,Qliro AB (publ)
INFRA.ST,InfraCom Group AB (publ)
NANEXA.ST,Nanexa AB (publ)
DONE.ST,Done.ai Group AB
UNIBAP.ST,Unibap Space Solutions AB (publ)
TITA-B.ST,Titania Holding AB (publ)
ONCO.ST,Oncopeptides AB (publ)
ADTR.ST,Adtraction Group AB
TOBII.ST,Tobii AB (publ)
NORB-B.ST,Nordisk Bergteknik AB (publ)
GARO.ST,Garo Aktiebolag (publ)
CARE.ST,Careium AB (Publ)
HAKI-A.ST,HAKI Safety AB (publ)
HAKI-B.ST,HAKI Safety AB (publ)
NTEK-B.ST,Novotek AB
PRIC-B.ST,Pricer AB (publ)
BIM.ST,BIMobject AB
CEDER.ST,Cedergrenska AB (publ)
RROS.ST,Rottneros AB (publ)
MIDS.ST,Midsummer AB (publ)
BOHO.ST,Boho Group AB (publ)
ENZY.ST,Enzymatica AB (publ)
SKMO.ST,Skåne-möllan AB (publ)
WPTG-B.ST,White Pearl Technology Group AB
ARFA.ST,Arctic Falls AB (publ)
DOXA.ST,Doxa AB (publ)
ENVAR.ST,Envar Holding AB (publ)
GAPW-B.ST,Gapwaves AB (publ)
CINPHA.ST,Cinclus Pharma Holding AB (publ)
BEAMMW-B.ST,BeammWave AB (publ)
BACTI-B.ST,Bactiguard Holding AB (publ)
CNCJO-B.ST,Concejo AB (publ)
SEAF.ST,Seafire AB (publ)
SCIB.ST,SciBase Holding AB (publ)
TERNOR.ST,Terranor Group AB (publ)
BEGR.ST,BE Group AB (publ)
TAGM-B.ST,TagMaster AB (publ)
BOTX.ST,Botnia Gold AB (publ)
BOAT.ST,Nimbus Group AB (Publ)
SGG.ST,Sensys Gatso Group AB (publ)
GENI.ST,Generic Sweden AB
SLEEP.ST,Sleep Cycle AB (publ)
SIBEK.ST,Sibek AB (publ)
MOB.ST,Moberg Pharma AB (publ)
HILB-B.ST,Hilbert Group AB (publ)
ONEF.ST,Oneflow AB (publ)
CLBIO.ST,Corline Biomedical AB
OPTER.ST,Opter AB (publ)
NAVIGO-STAM.ST,Navigo Invest AB (publ)
UPSALE.ST,Upsales Technology AB (publ)
H100.ST,H100 Group AB (publ)
G5EN.ST,G5 Entertainment AB (publ)
ENRO.ST,Eniro Group AB (publ)
SNX.ST,Premium Snacks Nordic AB (publ)
SAFETY-B.ST,mySafety Group AB
QSYS.ST,Qualisys Holding AB (publ)
KRONA.ST,Krona Public Real Estate AB (publ)
SOLT.ST,SolTech Energy Sweden AB (publ)
OSSD.ST,OssDsign AB (publ)
INFREA.ST,Infrea AB
BONAS.ST,Bonäsudden Holding AB (publ)
GULD.ST,Guldbrev Holding AB (publ)
MNTC.ST,Mentice AB (publ)
K2A-B.ST,K2A Knaust & Andersson Fastigheter AB (publ)
IVACC.ST,Intervacc AB (publ)
SKOLON.ST,Skolon AB (publ)
SOLNA.ST,Solnaberg Property AB (publ)
DEDI.ST,Dedicare AB (publ)
FLEXQ.ST,FlexQube AB (publ)
DICOT.ST,Dicot Pharma AB
SMOL.ST,Smoltek Nanotech Holding AB
SUSG.ST,Sustainion Group AB
FREJA.ST,Freja eID Group AB (publ)
FRACTL.ST,Fractal Gaming Group AB (publ)
BIOWKS.ST,Bio-Works Technologies AB (publ)
NAXS.ST,NAXS AB (publ)
BMC.ST,Brock Milton Capital AB (publ)
ACUVI.ST,Acuvi AB
MEDS.ST,Meds Apotek AB
WTW-A.ST,Wall to Wall Group AB
ACE.ST,Ascelia Pharma AB (publ)
TRAD.ST,TradeDoubler AB (publ)
META.ST,Metacon AB (publ)
WAYS.ST,Waystream Holding AB (publ)
AGTIRA-B.ST,Agtira AB
PRFO.ST,Profoto Holding AB (publ)
FERRO.ST,Ferroamp AB (publ)
K33.ST,K33 AB (publ)
CANDLE-B.ST,Candles Scandinavia AB (publ)
AGES-B.ST,AGES Industri AB (publ)
ACRI-B.ST,Acrinova AB (publ)
ACRI-A.ST,Acrinova AB (publ)
IMMU.ST,Mendus AB (publ)
KEBNI-B.ST,KebNi AB (publ)
SPRINT.ST,Sprint Bioscience AB (publ)
QAIR.ST,QleanAir AB (publ)
BALCO.ST,Balco Group AB
AVT-B.ST,AVTECH Sweden AB (publ)
ATIN.ST,Athanase Innovation AB (publ)
ACARIX.ST,Acarix AB (publ)
BRAIN.ST,BrainCool AB (publ)
QLINEA.ST,Q-linea AB (publ)
CALVIK.ST,Calviks AB (publ)
ARGO.ST,Argo Defence Group Ab (Publ)
NEXAM.ST,Nexam Chemical Holding AB (publ)
OBAB.ST,Online Brands Nordic AB (publ)
ORT-B.ST,Ortoma AB (publ)
SHIP.ST,BlueYield AB
AVEN.ST,Avensia AB (publ)
4C.ST,4C Group AB (publ)
IMPC.ST,Impact Coatings AB (publ)
ELON.ST,Elon AB (publ)
OGUN-B.ST,Ogunsen AB (publ)
NIO.ST,Nordic Iron Ore AB (publ)
REAL.ST,Real Fastigheter AB (publ)
TERRNT-B.ST,Terranet AB
NORDIG.ST,Nord Insuretech Group AB (publ)
SBOK.ST,ScandBook Holding AB (publ)
PRESRV.ST,Preservium Property AB
MEAB-B.ST,Malmbergs Elektriska AB (publ)
PION-B.ST,PION Group AB (publ)
BLUE.ST,Bluelake Mineral AB (publ)
BESS.ST,Byhmgard AB (publ)
ENRAD.ST,Enrad AB
DSNO.ST,Desenio Group AB (publ)
SES.ST,Scandinavian Enviro Systems AB (publ)
BINERO.ST,Binero Group AB (publ)
UTG.ST,Unlimited Travel Group UTG AB (publ)
MAVEN.ST,Maven Wireless Sweden AB (Publ)
OBSE.ST,Observit AB
OXE.ST,OXE Marine AB (publ)
FREEM.ST,Freemelt Holding AB (publ)
B3.ST,B3 Consulting Group AB (publ)
ARCT.ST,Arctic Minerals AB (publ)
WBGR-B.ST,Wästbygg Gruppen AB (publ)
NEO-B.ST,Neovici Holding AB (publ)
CFISH.ST,Crunchfish AB (publ)
NODE.ST,Nodebis Applications AB (publ)
BUSER.ST,Bambuser AB (publ)
LITI.ST,Litium AB (publ)
ISOFOL.ST,Isofol Medical AB (publ)
MINEST.ST,Minesto AB (publ)
HULT-B.ST,Hultstrom Group AB (publ)
POLYG.ST,Polygiene Group AB
XINT.ST,Xintela AB (publ)
XBRANE.ST,Xbrane Biopharma AB (publ)
MCLR.ST,Medclair AB
NICA.ST,Nanologica AB (publ)
CDMIL.ST,CodeMill AB (publ)
PRO.ST,Promimic AB (publ)
ALPCOT-B.ST,Alpcot Holding AB (publ)
INTEG-B.ST,Integrum AB (publ)
LINKAB.ST,Link Prop Investment AB (publ)
LYGRD.ST,Lyckegård Group AB (publ)
BAT.ST,Eurobattery Minerals AB
MAGI.ST,MAG Interactive AB (publ)
TENEO.ST,Teneo AI AB (publ)
TURA.ST,Tura Group AB
FRILAN.ST,Invoicery Group AB (publ)
KDV-B.ST,KDventures AB
LAMM-B.ST,Lammhults Design Group AB (publ)
KLAR.ST,Klaria Pharma Holding AB (publ.)
VUXEN.ST,Vuxen Group AB
NOTEK.ST,Norditek Group AB (publ)
CRWN.ST,Crown Energy AB (publ)
VIVE.ST,Vivesto AB
TRIONA.ST,Triona AB
PRLD.ST,Prolight Diagnostics AB (publ)
ACTI.ST,Active Biotech AB (publ)
DEX.ST,Dextech Medical AB
FABLE.ST,Fable Media Group AB
CLIME-B.ST,Climeon AB (publ)
HIGHCO-B.ST,High Coast Distillery AB (Publ)
PRCO-B.ST,Precio Fishbone AB (publ)
STAR-A.ST,Starbreeze AB (publ)
STAR-B.ST,Starbreeze AB (publ)
ACROUD.ST,Acroud AB (publ)
NETEL.ST,Netel Holding AB (publ)
HAV-B.ST,Havsfrun Investment AB (publ)
BPCINS.ST,BPC Instruments AB
EMB.ST,EMB Mission Bound AB (publ)
STW.ST,SeaTwirl AB (publ)
EMART.ST,EmbeddedArt Group AB (publ)
DMYD-B.ST,Diamyd Medical AB (publ)
SENZA.ST,SenzaGen AB
DRIL.ST,Drillcon AB (publ)
GREAT.ST,Greater Than AB (publ)
ACUC.ST,AcuCort AB (publ)
SDS.ST,Seamless Distribution Systems AB (publ)
NEPA.ST,Nepa AB (publ)
IZAFE-B.ST,iZafe Group AB (publ)
ALZCUR.ST,AlzeCure Pharma AB (publ)
TRANS.ST,Transtema Group AB
DIST.ST,DistIT AB (publ)
ORTI-A.ST,Ortivus AB (publ)
ORTI-B.ST,Ortivus AB (publ)
XER.ST,Xer Tech Holding AB (publ)
SIN.ST,Solution International Nordics AB (publ)
SFTR.ST,Safeture AB (publ)
MOMENT.ST,Moment Group AB
HEART.ST,Scandinavian Real Heart AB (Publ)
BONG.ST,Bong AB (publ)
GIGA.ST,Gigasun AB (publ)
ELIC.ST,Elicera Therapeutics AB (publ)
SODER.ST,Söder Sportfiske AB
NOWO.ST,Nowonomics AB (publ)
WISE.ST,Wise Group AB (publ)
NOSA.ST,Nosa Plugs AB
OODA.ST,oodash Group AB (publ)
MODEL.ST,Modelon AB (publ)
CLS-B.ST,Clinical Laserthermia Systems AB (publ)
HERNO-B.ST,Hernö Gin AB (publ)
ABERA.ST,Abera Bioscience AB
SERT.ST,Serstech AB
ARCOMA.ST,Arcoma AB
ATORX.ST,Alligator Bioscience AB (publ)
VO2.ST,Vo2 Cap Holding AB (publ)
BOUL.ST,Boule Diagnostics AB (publ)
WPAY.ST,Westpay AB
IMMNOV.ST,Immunovia AB (publ)
AQUAT.ST,Aquaticus Real Estate AB (publ)
PREC.ST,Precise Biometrics AB (publ)
BIOEX.ST,Bioextrax AB (publ)
NXTCL.ST,NextCell Pharma AB
ANOT.ST,Anoto Group AB (publ)
OPTI.ST,OptiCept Technologies AB (publ)
TELLUS.ST,Tellusgruppen AB (publ)
KLIMAT.ST,Klimator AB (publ)
MAGLE.ST,Magle Chemoswed Holding AB (publ)
GCOR.ST,Gaming Corps AB (publ)
ESGR-B.ST,ES Energy Save Holding AB (publ)
TSEC.ST,Tempest Security AB (publ)
GJAB.ST,Gullberg & Jansson AB (publ)
STWK.ST,Stockwik Förvaltning AB (publ)
DEVP-B.ST,DevPort AB (publ)
SUBGEN.ST,Subgen AI AB
INCOAX.ST,InCoax Networks AB (publ)
IRIS.ST,Irisity AB (publ)
ICO.ST,Iconovo AB (publ)
CLEM.ST,Clemondo Group AB (publ)
EFFH.ST,Effnetplattformen Holding AB (publ)
IDLDX.ST,IDL Diagnostics AB (publ)
SIMRIS-B.ST,Simris Group AB (PUBL)
IRLAB-A.ST,IRLAB Therapeutics AB (publ)
ALBERT.ST,eEducation Albert AB (publ)
LEVEL.ST,Nordic LEVEL Group AB (publ.)
BBROOM.ST,New Bubbleroom Sweden AB (publ)
AXOLOT.ST,Axolot Solutions Holding AB (publ)
STRD-B.ST,Suntrade Group AB (publ)
FING-B.ST,Fingerprint Cards AB (publ)
ONCOZ.ST,OncoZenge AB (publ)
ACOU.ST,AcouSort AB (publ)
AXIC-A.ST,aXichem AB
MRSELL.ST,mResell Group AB
GGEO.ST,Guideline Geo AB (publ)
SOLIDX.ST,SolidX AB (publ)
COEGIN.ST,Coegin Pharma AB
YIELD.ST,SaveLend Group AB (publ)
FASTAT.ST,Aktiebolaget Fastator (publ)
ANNX.ST,Annexin Pharmaceuticals AB (publ)
BRAVE.ST,Kinda Brave Entertainment Group Ab (Publ)
SPGR.ST,Spotlight Group AB (publ)
BIOVIC-B.ST,Biovica International AB (publ)
PMED.ST,PEPTONIC medical AB (publ)
SAXG.ST,Saxlund Group AB (publ)
RMDX.ST,Railway Metrics and Dynamics Sweden AB (publ)
CHECK.ST,Checkin.Com Group AB (publ)
AMIDO.ST,Amido AB (publ)
RAMSH.ST,Ramlösa shipping AB (publ)
NEOLA.ST,Neola Medical AB (publ)
BAWAT.ST,Bawat Water Technologies AB
OBDU-B.ST,Obducat AB (publ)
CMOTEC-B.ST,Scandinavian ChemoTech AB (publ)
NNH.ST,New Nordic Healthbrands AB (publ)
USWE.ST,Uswe Sports AB (publ)
VIMAB.ST,Vimab Group AB (publ)
LOHILO.ST,Lohilo Foods AB (publ)
SPAGO.ST,Spago Nanomedical AB (publ)
GPX.ST,Gasporox AB (publ)
BIBB.ST,BiBBInstruments AB
HEXI.ST,Hexicon AB (publ)
KENH.ST,Kentima Holding AB (publ)
REFINE.ST,Refine Group AB (publ)
MEGR.ST,Mediacle Group AB (publ)
PILA.ST,Pila Pharma AB (publ)
WRV.ST,Webrock Ventures AB
FIRST-B.ST,First Venture Sweden AB (publ)
ALZ.ST,Alzinova AB (publ)
PIXEL.ST,PixelFox AB
ODI.ST,ODI Pharma AB (publ)
CHARGE.ST,ChargePanel AB (publ)
ABI.ST,AB Igrene (publ)
REALFI.ST,Realfiction Holding AB (publ)
TRIBO-B.ST,Tribox Group AB (publ)
MAHVIE.ST,Mahvie Minerals AB (publ)
GMERC-B.ST,GreenMerc AB (publ)
FLOWS.ST,Flowscape Technology AB (publ)
SPEONE.ST,SpectrumOne AB (publ)
IS.ST,Image Systems AB
AERW-B.ST,Aerowash AB (publ)
QBNK.ST,QBNK Holding AB (publ)
QLIFE.ST,Qlife Holding AB (publ)
ORGC.ST,OrganoClick AB (publ)
BOMILL.ST,BoMill AB (publ)
SFL.ST,Safello Group AB (publ)
KAV.ST,Katalysen Ventures AB (publ)
ABAS.ST,ABAS Protect AB
LCLEAN.ST,LifeClean International AB (publ)
REDS.ST,Redsense Medical AB (publ)
GBK.ST,Goodbye Kansas Group AB (publ)
SDOS.ST,ScandiDos AB (publ)
GOSOL.ST,Gosol Energy Group AB
NGS.ST,NGS Group AB (publ)
XPC.ST,XP Chemistries AB (publ)
KVIX.ST,Kvix AB (publ)
HELIO.ST,Heliospectra AB (publ)
SOUND.ST,Sound Dimension AB (publ)
BEYOND.ST,Beyond Frames Entertainment AB (publ)
BRILL.ST,Brilliant Future AB (publ)
NFGAB.ST,Nordic Flanges Group AB (publ)
MODTX.ST,Modus Therapeutics Holding AB (publ)
BUY.ST,Sweden Buyersclub AB
JLT.ST,JLT Mobile Computers AB (publ)
KONT.ST,Kontigo Care AB (publ)
XMR.ST,XMReality AB (publ)
ADVT.ST,Adverty AB (publ)
SPEC.ST,SpectraCure AB (publ)
HUNTER.ST,Hunter Capital AB (publ)
CI.ST,Cell Impact AB (publ)
FLUI.ST,Fluicell AB (publ)
2CUREX.ST,2cureX AB (publ)
FRAG.ST,Fragbite Group AB (publ)
TOURN.ST,Tourn International AB (publ)
COMPDM.ST,Compodium International AB (publ)
LARK.ST,Lärkberget AB (publ)
CARDEO.ST,Cardeon AB (publ)
SONE.ST,Sonetel AB (publ)
TOUCH.ST,Touchtech AB
NEWBRY.ST,Newbury Pharmaceuticals AB (publ)
DLAB.ST,Dlaboratory Sweden AB (publ)
MBBAB.ST,MoveByBike Europe AB (publ)
NXAR.ST,Nexar Group AB (publ)
THINC.ST,Thinc Collective AB (publ)
VALUNO.ST,Valuno Group AB (publ)
ECO-B.ST,EcoRub AB (publ)
JDT.ST,JonDeTech Sensors AB (publ)
ZOOM.ST,Zoomability Int AB (publ)
NICO.ST,Nicoccino Holding AB (publ)
GOMERO.ST,Gomero Group AB (publ)
ZAPLOX.ST,Zaplox AB (publ)
RPLAN.ST,Ranplan Group AB
COMINT.ST,Comintelli AB (publ)
KAKEL.ST,Kakel Max AB (publ)
VIDH.ST,Vidhance AB (publ)
TRNSF.ST,Transfer Group AB (publ)
ERMA.ST,Enorama Pharma AB (publ)
SARS.ST,Sarsys AB
LIGR.ST,Lightning Group AB
SBG.ST,StoneBeach Group AB (publ)
AERO.ST,Svenska Aerogel Holding AB (publ)
BRIGHT.ST,BrightBid Group AB (publ)
AINO.ST,Aino Health AB (publ)
CIRCHE.ST,CirChem AB (publ)
GATE.ST,Jumpgate AB
PERP-B.ST,Perpetua Medical AB (publ)
NIUTEC.ST,Niutech Group AB
SPERM.ST,Spermosens AB (publ)
PCOM-B.ST,Precomp Solutions AB (publ)
GUARD.ST,Guard Therapeutics International AB (publ)
PADEL.ST,Acenta Group AB
MONI.ST,Monivent AB
LAIR.ST,LightAir AB (publ)
QIIWI.ST,Qiiwi Games AB (publ)
GABA.ST,Gabather AB (publ)
NANOC-B.ST,NanoCap Group AB (publ)
NATTA.ST,Nattaro Labs AB (publ)
DIVIO-B.ST,Divio Technologies AB (publ)
LEVBIO.ST,Level Bio AB (publ)
BIOSGN.ST,Biosergen AB (publ)
PROGEN.ST,Prostatype Genomics AB (publ)
TIRO.ST,Transiro Holding AB (publ)
POLAR.ST,PolarCool AB (publ)
RLVNC.ST,Relevance Communication Nordic AB
CLEMO.ST,Clean Motion AB (publ)
VAXXA.ST,Vaxxa AB
ORTIN.ST,Ortelius International AB
BTCX.ST,Goobit Group AB (publ)
MANTEX.ST,Mantex AB (publ)
OURLIV.ST,OurLiving AB
HOLDFL.ST,Holdflight AB (publ)
LXB.ST,Luxbright AB (publ)
QCORE.ST,Qlucore AB (publ)
C100.ST,C100 AB (publ)
BIOF.ST,Biofrigas Sweden AB (publ)
MTI.ST,MTI Investment AB (publ)
HEGR.ST,Hedera Group AB (publ)
HYCO.ST,Hybricon AB (publ)
MOBA.ST,M.O.B.A. Network AB
RESP.ST,Respiratorius AB (publ)
NANECH.ST,NanoEcho AB (publ)
NILS.ST,Nilsson Special Vehicles AB (publ)
EXALT.ST,Exalt AB (publ)
QBRICK.ST,Qbrick AB (publ)
APTA.ST,Aptahem AB (publ)
FSPORT.ST,FSport AB (publ)
FRAM-B.ST,Fram Skandinavien AB (publ)
DIAH.ST,Diadrom Holding AB (publ)
MNDRK.ST,MindArk PE AB (publ)
EDYOU.ST,edyoutec AB
ATANA.ST,Attana AB (publ)
STABL.ST,Stayble Therapeutics AB (publ)
TRML.ST,Trainimal AB (publ)
QBIM.ST,Qbim Aktiebolag
MAXENT-B.ST,Maximum Entertainment AB
BLICK.ST,Blick Global Group AB (publ)
TESSIN.ST,Tessin Nordic Holding AB (publ)
SYNEXO.ST,Synexo Group AB (publ)
SILEON.ST,Sileon AB (publ)
VH.ST,Västra Hamnen Corporate Finance AB (publ)
SPOTR.ST,Spotr Group AB
ARCTIC.ST,Arctic Blue Beverages AB (publ)
ODIN.ST,Odinwell AB (publ)
INSP.ST,Insplorion AB (publ)
GTG.ST,Gold Town Games AB (publ)
LUMITO.ST,Lumito AB (publ)
POLYMER.ST,Polymer Factory Sweden AB
ABIG.ST,Abelco Investment Group AB
UPGRAD.ST,Upgrade Invest Nordic AB (publ)
WEG.ST,Windon Energy Group AB
AVSALT.ST,Avsalt Group AB
THRILL.ST,Game Chest Group AB (publ)
TPGR.ST,Time People Group AB (publ)
ECOMB.ST,Ecomb AB (publ)
SENS.ST,Sustainable Energy Solutions Sweden Holding AB (publ)
F2M.ST,Free2move Holding AB (publ)
STHLM.ST,Stockholm Treasury AB (publ)
EXPRS2.ST,ExpreS2ion Biotech Holding AB (publ)
S2M.ST,S2Medical AB (publ)
ECC-B.ST,Ecoclime Group AB (publ)
RENT.ST,Rentunder Holding AB (publ)
CAPS.ST,Northern CapSek Ventures AB (publ)
MYBEAT.ST,My Beat AB
HMPLY.ST,Hemply Balance Holding AB (Publ)
EATG.ST,EatGood Sweden AB (Publ)
CRET.ST,Creturner Group AB (publ)
36GRP.ST,36 Group AB
PROVIT.ST,Provide IT Sweden AB (publ)
MAV.ST,Mavshack AB (publ)
SOCIAL.ST,Sociallite US AB (publ)
WYLD.ST,Wyld Networks AB (publ)
PIXFAM.ST,Pixfam AB (publ)
WONDR.ST,Wonderboo Holding AB
AFRI.ST,Africa Resources AB (publ)
HOTEL.ST,Hotel Fast SSE AB (publ)
SERV.ST,Servana AB
