Ticker,Company,Market Cap,Stock Price,% Change,Industry,Volume,PE Ratio,Change 1M
RO.SW,Roche Holding AG,257.40B,325.00,,Drug Manufacturers - General,,,
ROP.SW,Roche Holding AG,257.40B,318.90,,Drug Manufacturers - General,,,
NOVN.SW,Novartis AG,214.80B,116.48,,Drug Manufacturers - General,,,
NOVNEE.SW,Novartis AG,214.80B,117.86,,Drug Manufacturers - General,,,
NESN.SW,Nestlé S.A.,197.06B,76.45,,Packaged Foods,,,
ABBN.SW,ABB Ltd,149.95B,82.90,,Electrical Equipment & Parts,,,
ABBNE.SW,ABB Ltd,149.95B,82.26,,Switchgear and Switchboard Apparatus,,,
UBSG.SW,UBS Group AG,115.02B,37.84,,Banks - Diversified,,,
CFR.SW,Compagnie Financière Richemont SA,97.05B,165.40,,Luxury Goods,,,
ZURN.SW,Zurich Insurance Group AG,81.94B,553.60,,Insurance - Diversified,,,
HOLN.SW,Holcim AG,40.17B,71.90,,Building Materials,,,
GALD.SW,Galderma Group AG,39.15B,168.55,,Drug Manufacturers - Specialty & Generic,,,
SREN.SW,Swiss Re AG,34.73B,118.55,,Insurance - Reinsurance,,,
SRENE.SW,Swiss Re AG,34.73B,118.40,,"Fire, Marine, and Casualty Insurance",,,
LONN.SW,Lonza Group AG,34.17B,497.90,,Diagnostics & Research,,,
SCMN.SW,Swisscom AG,33.49B,648.00,,Telecom Services,,,
SDZ.SW,Sandoz Group AG,28.07B,64.94,,Drug Manufacturers - Specialty & Generic,,,
SCHP.SW,Schindler Holding AG,27.60B,264.40,,Specialty Industrial Machinery,,,
SCHN.SW,Schindler Holding AG,27.60B,254.50,,Specialty Industrial Machinery,,,
SCHNE.SW,Schindler Holding AG,27.60B,251.00,,"Construction, Mining, And Materials Handling",,,
SCHPE.SW,Schindler Holding AG,27.60B,259.80,,"Construction, Mining, And Materials Handling",,,
GIVN.SW,Givaudan SA,27.02B,"3,053.00",,Specialty Chemicals,,,
ALC.SW,Alcon Inc.,25.97B,52.88,,Medical Instruments & Supplies,,,
SIKA.SW,Sika AG,23.75B,148.65,,Specialty Chemicals,,,
SLHN.SW,Swiss Life Holding AG,23.43B,841.60,,Insurance - Diversified,,,
SLHNE.SW,Swiss Life Holding AG,23.43B,846.60,,Life Insurance,,,
KNIN.SW,Kuehne + Nagel International AG,22.90B,191.85,,Integrated Freight & Logistics,,,
AMRZ.SW,Amrize AG,22.64B,40.59,,Building Materials,,,
LISP.SW,Chocoladefabriken Lindt & Sprüngli AG,21.50B,"9,145.00",,Confectioners,,,
LISN.SW,Chocoladefabriken Lindt & Sprüngli AG,21.50B,"94,800.0",,Confectioners,,,
LISPE.SW,Chocoladefabriken Lindt & Sprüngli AG,21.50B,"9,215.00",,Sugar And Confectionery Products,,,
HBAN.SW,Helvetia Baloise Holding AG,19.60B,199.10,,Insurance - Diversified,,,
VACN.SW,VAT Group AG,18.45B,618.60,,Specialty Industrial Machinery,,,
PGHN.SW,Partners Group Holding AG,18.38B,713.60,,Asset Management,,,
SGSN.SW,SGS SA,17.72B,89.20,,Consulting Services,,,
GEBN.SW,Geberit AG,16.63B,504.00,,Building Products & Equipment,,,
GEBNE.SW,Geberit AG,16.63B,505.60,,Building Products & Equipment,,,
EMSN.SW,EMS-CHEMIE HOLDING AG,16.16B,692.00,,Specialty Chemicals,,,
DSFIR.SW,DSM-Firmenich AG,15.19B,61.40,,Specialty Chemicals,,,
STMN.SW,Straumann Holding AG,15.18B,96.18,,Medical Instruments & Supplies,,,
BAER.SW,Julius Bär Gruppe AG,13.41B,65.80,,Asset Management,,,
LOGN.SW,Logitech International S.A.,13.10B,90.84,,Computer Hardware,,,
LOGNE.SW,Logitech International S.A.,13.10B,91.86,,"Computer Peripheral Equipment, not elsewhere classified",,,
SOON.SW,Sonova Holding AG,12.26B,206.80,,Medical Devices,,,
BEAN.SW,BELIMO Holding AG,11.13B,911.50,,Building Products & Equipment,,,
UHR.SW,The Swatch Group AG,10.49B,201.90,,Luxury Goods,,,
UHRN.SW,The Swatch Group AG,10.49B,39.95,,Luxury Goods,,,
SPSN.SW,Swiss Prime Site AG,10.26B,127.50,,Real Estate - Diversified,,,
BCVN.SW,Banque Cantonale Vaudoise,10.14B,118.40,,Banks - Regional,,,
BKW.SW,BKW AG,7.62B,144.40,,Utilities - Renewable,,,
ACLN.SW,Accelleron Industries AG,7.38B,78.40,,Specialty Industrial Machinery,,,
FHZN.SW,Flughafen Zürich AG,7.04B,228.00,,Airports & Air Services,,,
PSPN.SW,PSP Swiss Property AG,6.49B,141.50,,Real Estate Services,,,
AVOL.SW,Avolta AG,6.43B,47.12,,Specialty Retail,,,
BARN.SW,Barry Callebaut AG,6.12B,"1,122.00",,Confectioners,,,
SQN.SW,Swissquote Group Holding SA,5.80B,38.58,,Capital Markets,,,
VZN.SW,VZ Holding AG,5.67B,143.80,,Asset Management,,,
GRKP.SW,Graubündner Kantonalbank,5.35B,"2,150.00",,Banks - Regional,,,
LUKN.SW,Luzerner Kantonalbank AG,5.20B,105.40,,Banks - Regional,,,
SUN.SW,Sulzer AG,5.14B,152.80,,Specialty Industrial Machinery,,,
BANB.SW,Bachem Holding AG,5.13B,69.80,,Biotechnology,,,
SFSN.SW,SFS Group AG,4.95B,127.00,,Tools & Accessories,,,
EFGN.SW,EFG International AG,4.93B,16.70,,Banks - Diversified,,,
HUBN.SW,Huber+Suhner AG,4.77B,260.00,,Communication Equipment,,,
TEMN.SW,Temenos AG,4.63B,67.45,,Software - Application,,,
YPSN.SW,Ypsomed Holding AG,4.62B,351.20,,Medical Instruments & Supplies,,,
SIGN.SW,SIG Group AG,4.61B,12.09,,Packaging & Containers,,,
EMMN.SW,Emmi AG,4.59B,867.00,,Packaged Foods,,,
GALE.SW,Galenica AG,4.19B,83.60,,Medical Distribution,,,
DKSH.SW,DKSH Holding AG,4.07B,62.50,,Consulting Services,,,
DESN.SW,Dottikon ES Holding AG,4.04B,295.00,,Chemicals,,,
BSKP.SW,Basler Kantonalbank,3.97B,95.60,,Banks - Regional,,,
IFCN.SW,INFICON Holding AG,3.97B,163.20,,Scientific & Technical Instruments,,,
VONN.SW,Vontobel Holding AG,3.94B,70.70,,Asset Management,,,
SGKN.SW,St. Galler Kantonalbank AG,3.79B,636.00,,Banks - Regional,,,
TKBP.SW,Thurgauer Kantonalbank,3.70B,186.00,,Banks - Regional,,,
GF.SW,Georg Fischer AG,3.48B,42.64,,Specialty Industrial Machinery,,,
BEKN.SW,Berner Kantonalbank AG,3.47B,372.50,,Banks - Regional,,,
ALLN.SW,Allreal Holding AG,3.41B,206.50,,Real Estate Services,,,
SFZN.SW,Siegfried Holding AG,3.40B,79.55,,Drug Manufacturers - Specialty & Generic,,,
BUCN.SW,Bucher Industries AG,3.14B,317.00,,Specialty Industrial Machinery,,,
ZUGER.SW,Zuger Kantonalbank,3.08B,"10,650.0",,Banks - Regional,,,
SUNN.SW,Sunrise Communications AG,3.02B,41.56,,Telecom Services,,,
ADEN.SW,Adecco Group AG,2.87B,16.25,,Staffing & Employment Services,,,
CMBN.SW,Cembra Money Bank AG,2.78B,95.70,,Banks - Regional,,,
MOVE.SW,Medacta Group SA,2.74B,138.40,,Medical Devices,,,
DAE.SW,Dätwyler Holding AG,2.72B,160.20,,Industrial Distribution,,,
COTN.SW,Comet Holding AG,2.70B,350.00,,Scientific & Technical Instruments,,,
SMG.SW,SMG Swiss Marketplace Group Holding AG,2.55B,25.85,,Internet Content & Information,,,
VATN.SW,Valiant Holding AG,2.55B,161.20,,Banks - Regional,,,
MOBN.SW,Mobimo Holding AG,2.53B,338.00,,Real Estate Services,,,
WKBN.SW,Walliser Kantonalbank,2.46B,157.50,,Banks - Regional,,,
ALSN.SW,ALSO Holding AG,2.44B,191.40,,Electronics & Computer Distribution,,,
BCGE.SW,Banque Cantonale de Genève SA,2.37B,33.30,,Banks - Regional,,,
CLN.SW,Clariant AG,2.33B,7.10,,Specialty Chemicals,,,
BLKB.SW,Basellandschaftliche Kantonalbank,2.32B,"1,075.00",,Banks - Regional,,,
VAHN.SW,Vaudoise Assurances Holding SA,2.21B,763.00,,Insurance - Diversified,,,
SRAIL.SW,Stadler Rail AG,2.19B,21.78,,Railroads,,,
CFT.SW,Compagnie Financière Tradition SA,2.15B,282.00,,Capital Markets,,,
CFTE.SW,Compagnie Financière Tradition SA,2.15B,278.00,,"Security Brokers, Dealers, and Flotation Companies",,,
DOKA.SW,dormakaba Holding AG,2.10B,50.60,,Building Products & Equipment,,,
TECN.SW,Tecan Group AG,1.94B,156.10,,Medical Instruments & Supplies,,,
IREN.SW,Investis Holding SA,1.93B,152.00,,Real Estate Services,,,
SWON.SW,SoftwareOne Holding AG,1.88B,9.29,,Software - Application,,,
KARN.SW,Kardex Holding AG,1.78B,231.00,,Specialty Industrial Machinery,,,
BRKN.SW,Burkhalter Holding AG,1.72B,162.40,,Engineering & Construction,,,
ISN.SW,Intershop Holding AG,1.64B,178.20,,Real Estate Services,,,
BCHN.SW,Burckhardt Compression Holding AG,1.55B,460.00,,Specialty Industrial Machinery,,,
JFN.SW,Jungfraubahn Holding AG,1.50B,256.50,,Railroads,,,
ARYN.SW,ARYZTA AG,1.45B,58.60,,Packaged Foods,,,
LAND.SW,Landis+Gyr Group AG,1.43B,50.10,,Electrical Equipment & Parts,,,
HIAG.SW,HIAG Immobilien Holding AG,1.42B,140.20,,Real Estate - Diversified,,,
BOSN.SW,Bossard Holding AG,1.35B,175.00,,Industrial Distribution,,,
TXGN.SW,TX Group AG,1.31B,127.60,,Publishing,,,
AERO.SW,Montana Aerospace AG,1.30B,20.70,,Aerospace & Defense,,,
SENS.SW,Sensirion Holding AG,1.26B,81.50,,Scientific & Technical Instruments,,,
REHN.SW,Romande Energie Holding SA,1.22B,48.40,,Utilities - Renewable,,,
INRN.SW,Interroll Holding AG,1.22B,"1,458.00",,Specialty Industrial Machinery,,,
OERL.SW,OC Oerlikon Corporation AG,1.19B,3.620,,Specialty Industrial Machinery,,,
PPGN.SW,PolyPeptide Group AG,1.19B,37.15,,Drug Manufacturers - Specialty & Generic,,,
IMPN.SW,Implenia AG,1.15B,62.60,,Engineering & Construction,,,
CHAM.SW,Cham Swiss Properties AG,1.14B,24.00,,Other,,,
SKAN.SW,SKAN Group AG,1.13B,50.10,,Medical Instruments & Supplies,,,
AEVS.SW,Aevis Victoria SA,1.09B,12.90,,Medical Care Facilities,,,
NEAG.SW,naturenergie holding AG,1.08B,32.50,,Utilities - Renewable,,,
IDIA.SW,Idorsia Ltd,1.08B,4.430,,Biotechnology,,,
BELL.SW,Bell Food Group AG,1.07B,171.60,,Packaged Foods,,,
ZUGN.SW,Zug Estates Holding AG,1.06B,"2,080.00",,Real Estate - Diversified,,,
FORN.SW,Forbo Holding AG,1.01B,712.00,,Building Products & Equipment,,,
EPIC.SW,EPIC Suisse AG,923.30M,83.80,,Real Estate Services,,,
MED.SW,Medartis Holding AG,922.28M,74.10,,Medical Devices,,,
PLAN.SW,Plazza AG,896.31M,433.00,,Real Estate - Diversified,,,
RSGN.SW,R&S Group Holding AG,884.97M,23.38,,Electrical Equipment & Parts,,,
KURN.SW,Kuros Biosciences AG,782.87M,19.70,,Medical Devices,,,
ZEHN.SW,Zehnder Group AG,713.60M,64.00,,Building Products & Equipment,,,
AUTN.SW,Autoneum Holding AG,673.35M,116.00,,Auto Parts,,,
CICN.SW,Cicor Technologies Ltd.,669.69M,150.20,,Electronic Components,,,
MOZN.SW,mobilezone holding ag,633.30M,14.70,,Specialty Retail,,,
BSLN.SW,Basilea Pharmaceutica AG,607.40M,48.85,,Biotechnology,,,
WARN.SW,Warteck Invest AG,603.28M,"1,960.00",,Real Estate Services,,,
FREN.SW,Fundamenta Real Estate AG,570.85M,16.80,,Real Estate Services,,,
APGN.SW,APG|SGA SA,545.59M,184.50,,Advertising Agencies,,,
LEHN.SW,LEM Holding SA,518.60M,455.50,,Electronic Components,,,
RIEN.SW,Rieter Holding AG,433.04M,3.175,,Specialty Industrial Machinery,,,
NREN.SW,Novavest Real Estate AG,412.94M,40.90,,Real Estate - Diversified,,,
SWTQ.SW,Schweiter Technologies AG,409.18M,286.00,,Building Products & Equipment,,,
CNTL.SW,Centiel AG,408.01M,5.00,,Electrical Equipment & Parts,,,
PMN.SW,Phoenix Mecano AG,386.45M,421.00,,Specialty Industrial Machinery,,,
BYS.SW,Bystronic AG,379.43M,183.80,,Specialty Industrial Machinery,,,
VETN.SW,Vetropack Holding AG,372.29M,18.70,,Packaging & Containers,,,
DOCM.SW,DocMorris AG,356.44M,7.34,,Pharmaceutical Retailers,,,
MEDX.SW,medmix AG,353.85M,8.68,,Specialty Industrial Machinery,,,
CPHN.SW,CPH Group AG,351.31M,58.60,,Paper & Paper Products,,,
SNBN.SW,Schweizerische Nationalbank,337.00M,"3,370.00",,Banks - Regional,,,
MTG.SW,Meier Tobler Group AG,331.42M,30.70,,Specialty Industrial Machinery,,,
SFPN.SW,SF Urban Properties AG,327.15M,98.00,,Real Estate Services,,,
BVZN.SW,BVZ Holding AG,319.59M,"1,620.00",,Railroads,,,
METN.SW,Metall Zug AG,317.60M,711.00,,Medical Devices,,,
GLKBN.SW,Glarner Kantonalbank,315.90M,23.40,,Banks - Regional,,,
VBSN.SW,IVF Hartmann Holding AG,314.34M,132.00,,Medical Instruments & Supplies,,,
OFN.SW,Orell Füssli AG,309.68M,156.50,,Specialty Business Services,,,
ELMN.SW,Elma Electronic AG,299.32M,"1,310.00",,Computer Hardware,,,
HBLN.SW,Hypothekarbank Lenzburg AG,298.88M,"4,140.00",,Mortgage Finance,,,
CLTN.SW,COLTENE Holding AG,291.90M,48.65,,Medical Instruments & Supplies,,,
MIKN.SW,Mikron Holding AG,287.03M,17.20,,Specialty Industrial Machinery,,,
BCJ.SW,Banque Cantonale du Jura SA,273.87M,91.50,,Banks - Regional,,,
ARBN.SW,Arbonia AG,273.72M,3.920,,Building Products & Equipment,,,
KOMN.SW,Komax Holding AG,273.16M,53.80,,Specialty Industrial Machinery,,,
PEAN.SW,Peach Property Group AG,267.12M,4.810,,Real Estate Services,,,
LEON.SW,Leonteq AG,259.89M,14.92,,Asset Management,,,
VZUG.SW,V-ZUG Holding AG,256.46M,40.00,,"Furnishings, Fixtures & Appliances",,,
SANN.SW,Santhera Pharmaceuticals Holding AG,243.29M,16.22,,Biotechnology,,,
ASCN.SW,Ascom Holding AG,221.36M,6.51,,Health Information Services,,,
STGN.SW,StarragTornos Group AG,184.65M,34.00,,Specialty Industrial Machinery,,,
ZUBN.SW,Züblin Immobilien Holding AG,173.74M,52.40,,Real Estate Services,,,
TIBN.SW,Bergbahnen Engelberg-Trübsee-Titlis AG,170.87M,51.00,,Leisure,,,
GURN.SW,Gurit Holding AG,157.89M,34.40,,Specialty Chemicals,,,
BIOV.SW,BioVersys AG,155.73M,26.60,,Biotechnology,,,
FTON.SW,Feintool International Holding AG,147.21M,10.00,,Specialty Industrial Machinery,,,
MCHN.SW,MCH Group AG,140.77M,4.590,,Advertising Agencies,,,
VARN.SW,Varia US Properties AG,137.71M,13.60,,Real Estate Services,,,
LECN.SW,Leclanché SA,135.10M,0.0844,,Electrical Equipment & Parts,,,
XLS.SW,Xlife Sciences AG,131.15M,23.00,,Biotechnology,,,
CALN.SW,CALIDA Holding AG,120.34M,16.98,,Apparel Manufacturing,,,
MOLN.SW,Molecular Partners AG,117.79M,3.100,,Biotechnology,,,
CURN.SW,Curatis Holding AG,114.46M,22.20,,Drug Manufacturers - Specialty & Generic,,,
KLIN.SW,Klingelnberg AG,111.83M,12.55,,Specialty Industrial Machinery,,,
GAV.SW,Carlo Gavazzi Holding AG,105.19M,148.00,,Electrical Equipment & Parts,,,
BBN.SW,Bellevue Group AG,101.95M,7.54,,Asset Management,,,
ORON.SW,ORIOR AG,86.49M,13.22,,Packaged Foods,,,
YTME.SW,Youngtimers AG,83.50M,0.430,,Shell Companies,,,
GMI.SW,Groupe Minoteries SA,81.84M,248.00,,Farm Products,,,
ESUN.SW,Edisun Power Europe AG,76.16M,66.40,,Utilities - Renewable,,,
ALPN.SW,Alpine Select AG,75.78M,9.00,,Asset Management,,,
ALPNE.SW,Alpine Select AG,75.78M,8.80,,"Investors, not elsewhere classified",,,
GAM.SW,GAM Holding AG,74.85M,0.0676,,Asset Management,,,
KUD.SW,Kudelski SA,67.12M,1.200,,Software - Application,,,
VILN.SW,Villars Holding S.A.,62.09M,595.00,,Grocery Stores,,,
HLEE.SW,Highlight Event and Entertainment AG,58.51M,4.520,,Entertainment,,,
WIHN.SW,WISeKey International Holding AG,55.23M,12.82,,Semiconductors,,,
NBEN.SW,nebag ag,55.22M,6.05,,Asset Management,,,
MMTX.SW,MindMaze Therapeutics Holding SA,51.88M,0.340,,Biotechnology,,,
ADVN.SW,Adval Tech Holding AG,32.85M,45.00,,Metal Fabrication,,,
VLRT.SW,Valartis Group AG,31.10M,10.60,,Capital Markets,,,
STRN.SW,Schlatter Industries AG,20.77M,18.80,,Specialty Industrial Machinery,,,
EVE.SW,EvoNext Holdings SA,12.76M,1.770,,Shell Companies,,,
ZWM.SW,Zwahlen & Mayr SA,10.04M,144.00,,Steel,,,
ASWN.SW,Asmallworld AG,8.32M,0.575,,Travel Services,,,
ADXN.SW,Addex Therapeutics Ltd,6.39M,0.0432,,Biotechnology,,,
PEDU.SW,Perrot Duval Holding S.A.,6.32M,47.60,,Specialty Industrial Machinery,,,
EEII.SW,EEII AG,1.60M,2.040,,Asset Management,,,
