Ticker,Company,Market Cap,Country
AAB.TO,Aberdeen International Inc.,4.02M,Canada
AAUC.TO,Allied Gold Corporation,5.08B,Canada
AAV.TO,Advantage Energy Ltd.,1.67B,Canada
ABRA.TO,AbraSilver Resource Corp.,2.96B,Canada
ABX.TO,Barrick Mining Corporation,98.94B,Canada
AC.TO,Air Canada,5.87B,Canada
ACB.TO,Aurora Cannabis Inc.,274.35M,Canada
ACD.TO,Accord Financial Corp.,11.38M,Canada
ACO-X.TO,ATCO Ltd.,7.67B,Canada
ACQ.TO,AutoCanada Inc.,526.40M,Canada
ACX.TO,ACT Energy Technologies Ltd.,239.41M,Canada
AD-UN.TO,Alaris Equity Partners Income Trust,1.04B,Canada
ADCO.TO,Adcore Inc.,15.23M,Canada
ADEN.TO,ADENTRA Inc.,827.40M,Canada
ADN.TO,Acadian Timber Corp.,316.70M,Canada
ADW-A.TO,Andrew Peller Limited,263.98M,Canada
ADW-B.TO,Andrew Peller Limited,263.98M,Canada
AEG.TO,Aegis Brands Inc.,23.03M,Canada
AEM.TO,Agnico Eagle Mines Limited,132.25B,Canada
AFN.TO,Ag Growth International Inc.,446.99M,Canada
AG.TO,First Majestic Silver Corp.,14.76B,Canada
AGF-B.TO,AGF Management Limited,1.12B,Canada
AGI.TO,Alamos Gold Inc.,24.92B,Canada
AGMR.TO,Silver Mountain Resources Inc.,253.06M,Canada
AGTF.TO,AGT Food and Ingredients Inc.,1.14B,Canada
AI.TO,Atrium Mortgage Investment Corporation,577.16M,Canada
AIAI.TO,NetraMark Holdings Inc.,97.28M,Canada
AIDX.TO,Healwell AI Inc.,284.11M,Canada
AIF.TO,Altus Group Limited,1.60B,Canada
AII.TO,Almonty Industries Inc.,7.63B,Canada
AIM.TO,Aimia Inc.,239.46M,Canada
AKT-A.TO,AKITA Drilling Ltd.,171.04M,Canada
AKT-B.TO,AKITA Drilling Ltd.,171.04M,Canada
ALA.TO,AltaGas Ltd.,15.82B,Canada
ALC.TO,Algoma Central Corporation,894.93M,Canada
ALS.TO,Altius Minerals Corporation,2.98B,Canada
ALYA.TO,Alithya Group Inc.,131.05M,Canada
AMC.TO,Arizona Metals Corp.,25.49M,Canada
ANRG.TO,Anaergia Inc.,583.25M,Canada
AP-UN.TO,Allied Properties Real Estate Investment Trust,1.93B,Canada
APLI.TO,Appili Therapeutics Inc.,1.99M,Canada
APM.TO,Andean Precious Metals Corp.,986.52M,Canada
APR-UN.TO,Automotive Properties Real Estate Investment Trust,634.36M,Canada
APS.TO,Aptose Biosciences Inc.,6.00M,Canada
AQN.TO,Algonquin Power & Utilities Corp.,6.41B,Canada
ARA.TO,Aclara Resources Inc.,1.20B,Canada
ARE.TO,Aecon Group Inc.,3.63B,Canada
ARG.TO,Amerigo Resources Ltd.,1.07B,Canada
ARIS.TO,Aris Mining Corporation,5.55B,Canada
ARX.TO,ARC Resources Ltd.,17.32B,Canada
ASCU.TO,Arizona Sonoran Copper Company Inc.,1.73B,Canada
ASM.TO,Avino Silver & Gold Mines Ltd.,1.60B,Canada
ASTL.TO,Algoma Steel Group Inc.,738.34M,Canada
ATD.TO,Alimentation Couche-Tard Inc.,72.75B,Canada
ATH.TO,Athabasca Oil Corporation,5.55B,Canada
ATRL.TO,AtkinsRéalis Group Inc.,14.82B,Canada
ATS.TO,ATS Corporation,4.75B,Canada
ATX.TO,ATEX Resources Inc.,1.16B,Canada
ATZ.TO,Aritzia Inc.,16.99B,Canada
AVCN.TO,Avicanna Inc.,16.98M,Canada
AVL.TO,Avalon Advanced Materials Inc.,54.29M,Canada
AVNT.TO,Avant Brands Inc.,9.03M,Canada
AW.TO,A & W Food Services of Canada Inc.,864.30M,Canada
AYA.TO,Aya Gold & Silver Inc.,3.78B,Canada
BABY.TO,Else Nutrition Holdings Inc.,1.48M,Canada
BAM.TO,Brookfield Asset Management Ltd.,108.60B,Canada
BAMI.TO,Blue Ant Media Corporation,169.50M,Canada
BB.TO,BlackBerry Limited,5.17B,Canada
BBD-A.TO,Bombardier Inc.,28.99B,Canada
BBD-B.TO,Bombardier Inc.,28.99B,Canada
BBUC.TO,Brookfield Business Corporation,8.73B,Canada
BCE.TO,BCE Inc.,30.86B,Canada
BCT.TO,BriaCell Therapeutics Corp.,41.55M,Canada
BDGI.TO,Badger Infrastructure Solutions Ltd.,2.83B,Canada
BDI.TO,Black Diamond Group Limited,1.19B,Canada
BDT.TO,Bird Construction Inc.,2.96B,Canada
BEI-UN.TO,Boardwalk Real Estate Investment Trust,3.10B,Canada
BEK-B.TO,The Becker Milk Company Limited,23.15M,Canada
BEPC.TO,Brookfield Renewable Corporation,17.18B,Canada
BGAU.TO,Blossom Gold Inc.,260.61M,Canada
BHC.TO,Bausch Health Companies Inc.,2.94B,Canada
BIPC.TO,Brookfield Infrastructure Corporation,6.53B,Canada
BIR.TO,Birchcliff Energy Ltd.,1.74B,Canada
BK.TO,Canadian Banc Corp.,741.48M,Canada
BKI.TO,Black Iron Inc.,33.23M,Canada
BLCO.TO,Bausch + Lomb Corporation,7.89B,Canada
BLDP.TO,Ballard Power Systems Inc.,1.71B,Canada
BLN.TO,Blackline Safety Corp.,786.52M,Canada
BLX.TO,Boralex Inc.,3.78B,Canada
BMO.TO,Bank of Montreal,147.52B,Canada
BN.TO,Brookfield Corporation,144.03B,Canada
BNE.TO,Bonterra Energy Corp.,244.69M,Canada
BNG.TO,Bengal Energy Ltd.,19.41M,Canada
BNS.TO,The Bank of Nova Scotia,130.64B,Canada
BOIL.TO,Beyond Oil Ltd.,221.14M,Canada
BOS.TO,AirBoss of America Corp.,218.96M,Canada
BPF-UN.TO,Boston Pizza Royalties Income Fund,515.37M,Canada
BR.TO,Big Rock Brewery Inc.,17.45M,Canada
BRAG.TO,Bragg Gaming Group Inc.,75.19M,Canada
BRE.TO,Bridgemarq Real Estate Services Inc.,130.50M,Canada
BRY.TO,Bri-Chem Corp.,9.25M,Canada
BSX.TO,Belo Sun Mining Corp,738.98M,Canada
BTB-UN.TO,BTB Real Estate Investment Trust,344.98M,Canada
BTE.TO,Baytex Energy Corp.,4.79B,Canada
BTO.TO,B2Gold Corp.,9.66B,Canada
BU.TO,Burcon NutraScience Corporation,26.02M,Canada
BYD.TO,Boyd Group Services Inc.,4.40B,Canada
BYL.TO,Baylin Technologies Inc.,38.96M,Canada
CAE.TO,CAE Inc.,11.87B,Canada
CAR-UN.TO,Canadian Apartment Properties Real Estate Investment Trust,5.40B,Canada
CAS.TO,Cascades Inc.,1.09B,Canada
CCA.TO,Cogeco Communications Inc.,2.69B,Canada
CCL-A.TO,CCL Industries Inc.,14.59B,Canada
CCL-B.TO,CCL Industries Inc.,14.59B,Canada
CCM.TO,Canagold Resources Ltd.,111.25M,Canada
CCO.TO,Cameco Corporation,69.68B,Canada
CDR.TO,Condor Energies Inc.,219.20M,Canada
CEMX.TO,CEMATRIX Corporation,82.39M,Canada
CEU.TO,CES Energy Solutions Corp.,3.75B,Canada
CF.TO,Canaccord Genuity Group Inc.,1.26B,Canada
CFF.TO,Conifex Timber Inc.,4.69M,Canada
CFP.TO,Canfor Corporation,1.49B,Canada
CFW.TO,Calfrac Well Services Ltd.,534.23M,Canada
CG.TO,Centerra Gold Inc.,4.98B,Canada
CGG.TO,China Gold International Resources Corp. Ltd.,11.94B,Canada
CGO.TO,Cogeco Inc.,604.11M,Canada
CGX.TO,Cineplex Inc.,743.43M,Canada
CGY.TO,Calian Group Ltd.,791.23M,Canada
CHE-UN.TO,Chemtrade Logistics Income Fund,1.98B,Canada
CHP-UN.TO,Choice Properties Real Estate Investment Trust,5.08B,Canada
CHR.TO,Chorus Aviation Inc.,569.66M,Canada
CIGI.TO,Colliers International Group Inc.,6.92B,Canada
CJ.TO,Cardinal Energy Ltd.,2.15B,Canada
CJR-B.TO,Corus Entertainment Inc.,5.98M,Canada
CJT.TO,Cargojet Inc.,1.21B,Canada
CKI.TO,Clarke Inc.,344.96M,Canada
CLCH.TO,Clinch Resources Ltd.,461.91M,Canada
CLS.TO,Celestica Inc.,59.11B,Canada
CM.TO,Canadian Imperial Bank of Commerce,138.58B,Canada
CMG.TO,Computer Modelling Group Ltd.,315.66M,Canada
CNL.TO,Collective Mining Ltd.,2.31B,Canada
CNQ.TO,Canadian Natural Resources Limited,126.67B,Canada
CNR.TO,Canadian National Railway Company,92.79B,Canada
COPR.TO,Coppernico Metals Inc.,80.14M,Canada
CP.TO,Canadian Pacific Kansas City Limited,104.48B,Canada
CPH.TO,Cipher Pharmaceuticals Inc.,501.22M,Canada
CPKR.TO,Canada Packers Inc.,543.62M,Canada
CPX.TO,Capital Power Corporation,10.35B,Canada
CRDL.TO,Cardiol Therapeutics Inc.,201.37M,Canada
CRON.TO,Cronos Group Inc.,1.31B,Canada
CRR-UN.TO,Crombie Real Estate Investment Trust,3.20B,Canada
CRRX.TO,CareRx Corporation,222.06M,Canada
CRT-UN.TO,CT Real Estate Investment Trust,4.19B,Canada
CRWN.TO,Crown Capital Partners Inc.,3.77M,Canada
CS.TO,Capstone Copper Corp.,9.64B,Canada
CSCI.TO,COSCIENS Biopharma Inc.,8.25M,Canada
CSH-UN.TO,Chartwell Retirement Residences,7.01B,Canada
CSU.TO,Constellation Software Inc.,54.50B,Canada
CSW-A.TO,Corby Spirit and Wine Limited,433.48M,Canada
CSW-B.TO,Corby Spirit and Wine Limited,433.48M,Canada
CTC.TO,"Canadian Tire Corporation, Limited",10.18B,Canada
CTC-A.TO,"Canadian Tire Corporation, Limited",10.18B,Canada
CTX.TO,Crescita Therapeutics Inc.,14.15M,Canada
CU.TO,Canadian Utilities Limited,13.13B,Canada
CURA.TO,"Curaleaf Holdings, Inc.",4.21B,Canada
CVE.TO,Cenovus Energy Inc.,72.69B,Canada
CVG.TO,Clairvest Group Inc.,1.03B,Canada
CVO.TO,Coveo Solutions Inc.,428.92M,Canada
CVVY.TO,Cavvy Energy Ltd.,420.35M,Canada
CWEB.TO,"Charlotte's Web Holdings, Inc.",99.55M,Canada
CWL.TO,The Caldwell Partners International Inc.,26.84M,Canada
D-UN.TO,Dream Office Real Estate Investment Trust,282.48M,Canada
DBM.TO,Doman Building Materials Group Ltd.,901.33M,Canada
DBO.TO,D-BOX Technologies Inc.,199.97M,Canada
DC-A.TO,Dundee Corporation,394.37M,Canada
DCBO.TO,Docebo Inc.,835.90M,Canada
DCM.TO,DATA Communications Management Corp.,94.05M,Canada
DFY.TO,Definity Financial Corporation,8.24B,Canada
DGX.TO,Digi Power X Inc.,639.62M,Canada
DHT-UN.TO,DRI Healthcare Trust,881.93M,Canada
DIAM.TO,Star Diamond Corporation,23.22M,Canada
DII-A.TO,Dorel Industries Inc.,56.30M,Canada
DII-B.TO,Dorel Industries Inc.,56.30M,Canada
DIV.TO,Diversified Royalty Corp.,742.77M,Canada
DLCG.TO,Dominion Lending Centres Inc.,744.93M,Canada
DML.TO,Denison Mines Corp.,4.63B,Canada
DND.TO,Dye & Durham Limited,201.52M,Canada
DNG.TO,Dynacor Group Inc.,257.95M,Canada
DOL.TO,Dollarama Inc.,47.07B,Canada
DOO.TO,BRP Inc.,5.76B,Canada
DPM.TO,DPM Metals Inc.,10.50B,Canada
DR.TO,Medical Facilities Corporation,299.58M,Canada
DRM.TO,Dream Unlimited Corp.,824.30M,Canada
DRT.TO,DIRTT Environmental Solutions Ltd.,151.07M,Canada
DRX.TO,ADF Group Inc.,300.09M,Canada
DSG.TO,The Descartes Systems Group Inc.,8.51B,Canada
DSV.TO,Discovery Silver Corp.,7.85B,Canada
DTOL.TO,D2L Inc.,515.62M,Canada
DXT.TO,Dexterra Group Inc.,783.90M,Canada
DYA.TO,dynaCERT Inc.,78.78M,Canada
E.TO,"Enterprise Group, Inc.",111.81M,Canada
EAGR.TO,East Side Games Group Inc.,8.46M,Canada
ECO.TO,EcoSynthetix Inc.,184.19M,Canada
EDR.TO,Endeavour Silver Corp.,4.07B,Canada
EDT.TO,Spectral Medical Inc.,419.59M,Canada
EFN.TO,Element Fleet Management Corp.,11.09B,Canada
EFR.TO,Energy Fuels Inc.,7.31B,Canada
EFX.TO,Enerflex Ltd.,4.53B,Canada
EGLX.TO,Enthusiast Gaming Holdings Inc.,6.37M,Canada
EIF.TO,Exchange Income Corporation,5.56B,Canada
ELD.TO,Eldorado Gold Corporation,12.16B,Canada
ELE.TO,Elemental Royalty Corporation,1.66B,Canada
ELEF.TO,Silver Elephant Mining Corp.,9.47M,Canada
ELF.TO,E-L Financial Corporation Limited,6.12B,Canada
ELO.TO,Eloro Resources Ltd.,266.83M,Canada
ELR.TO,Eastern Platinum Limited,104.52M,Canada
ELVA.TO,Electrovaya Inc.,713.14M,Canada
EMA.TO,Emera Incorporated,22.01B,Canada
EMP-A.TO,Empire Company Limited,10.48B,Canada
ENB.TO,Enbridge Inc.,160.13B,Canada
ENGH.TO,Enghouse Systems Limited,975.70M,Canada
EPRX.TO,Eupraxia Pharmaceuticals Inc.,634.10M,Canada
EQB.TO,EQB Inc.,4.30B,Canada
EQX.TO,Equinox Gold Corp.,15.42B,Canada
ERD.TO,Erdene Resource Development Corporation,406.78M,Canada
ERO.TO,Ero Copper Corp.,4.06B,Canada
ESI.TO,Ensign Energy Services Inc.,705.04M,Canada
ESM.TO,Euro Sun Mining Inc.,82.07M,Canada
ET.TO,Evertz Technologies Limited,1.23B,Canada
ETG.TO,Entrée Resources Ltd.,540.20M,Canada
EXE.TO,Extendicare Inc.,3.16B,Canada
FC.TO,Firm Capital Mortgage Investment Corporation,441.60M,Canada
FCD-UN.TO,Firm Capital Property Trust,243.71M,Canada
FCR-UN.TO,First Capital Real Estate Investment Trust,4.98B,Canada
FDY.TO,Faraday Copper Corp.,1.54B,Canada
FEC.TO,Frontera Energy Corporation,977.59M,Canada
FF.TO,First Mining Gold Corp.,692.10M,Canada
FFH.TO,Fairfax Financial Holdings Limited,51.82B,Canada
FIH-U.TO,Fairfax India Holdings Corporation,3.23B,Canada
FLNT.TO,Flint Corp.,180.40M,Canada
FLT.TO,Volatus Aerospace Inc.,462.00M,Canada
FM.TO,First Quantum Minerals Ltd.,28.99B,Canada
FMR.TO,Future Mineral Resources Inc.,5.08M,Canada
FNV.TO,Franco-Nevada Corporation,61.22B,Canada
FOOD.TO,Goodfood Market Corp.,22.89M,Canada
FORA.TO,VerticalScope Holdings Inc.,61.35M,Canada
FRU.TO,Freehold Royalties Ltd.,2.84B,Canada
FRX.TO,Fennec Pharmaceuticals Inc.,329.31M,Canada
FSV.TO,FirstService Corporation,8.47B,Canada
FSY.TO,Forsys Metals Corp.,91.77M,Canada
FSZ.TO,Fiera Capital Corporation,607.75M,Canada
FT.TO,Fortune Minerals Limited,104.04M,Canada
FTG.TO,Firan Technology Group Corporation,525.62M,Canada
FTS.TO,Fortis Inc.,39.07B,Canada
FTT.TO,Finning International Inc.,12.73B,Canada
FURY.TO,Fury Gold Mines Limited,154.95M,Canada
FVI.TO,Fortuna Mining Corp.,4.47B,Canada
FVL.TO,Freegold Ventures Limited,693.24M,Canada
GASX.TO,NG Energy International Corp.,416.09M,Canada
GAU.TO,Galiano Gold Inc.,911.86M,Canada
GBT.TO,BMTC Group Inc.,425.00M,Canada
GCU.TO,Gunnison Copper Corp.,188.15M,Canada
GDC.TO,Genesis Land Development Corp.,188.01M,Canada
GDL.TO,Goodfellow Inc.,97.81M,Canada
GEC.TO,Global Education Communities Corp.,20.50M,Canada
GEI.TO,Gibson Energy Inc.,4.84B,Canada
GENM.TO,Generation Mining Limited,212.44M,Canada
GFL.TO,GFL Environmental Inc.,18.18B,Canada
GFP.TO,GreenFirst Forest Products Inc.,47.45M,Canada
GFR.TO,Greenfire Resources Ltd.,992.43M,Canada
GGD.TO,GoGold Resources Inc.,1.30B,Canada
GH.TO,Gamehost Inc.,279.38M,Canada
GIB-A.TO,CGI Inc.,19.55B,Canada
GIL.TO,Gildan Activewear Inc.,15.02B,Canada
GLO.TO,Global Atomic Corporation,392.23M,Canada
GMIN.TO,G Mining Ventures Corp.,12.77B,Canada
GMX.TO,Globex Mining Enterprises Inc.,131.19M,Canada
GO-U.TO,GO Residential Real Estate Investment Trust,527.08M,Canada
GOLD.TO,GoldMining Inc.,353.10M,Canada
GOOS.TO,Canada Goose Holdings Inc.,1.59B,Canada
GRA.TO,NanoXplore Inc.,393.83M,Canada
GRC.TO,Gold Springs Resource Corp.,21.23M,Canada
GRGD.TO,Groupe Dynamite Inc.,10.53B,Canada
GRID.TO,Tantalus Systems Holding Inc.,336.00M,Canada
GRN.TO,Greenlane Renewables Inc.,38.31M,Canada
GRT-UN.TO,Granite Real Estate Investment Trust,5.67B,Canada
GSY.TO,goeasy Ltd.,528.95M,Canada
GTWO.TO,G2 Goldfields Inc.,3.11B,Canada
GUD.TO,Knight Therapeutics Inc.,853.81M,Canada
GURU.TO,GURU Organic Energy Corp.,117.11M,Canada
GVC.TO,Glacier Media Inc.,45.90M,Canada
GWO.TO,Great-West Lifeco Inc.,68.49B,Canada
H.TO,Hydro One Limited,35.26B,Canada
HAI.TO,Haivision Systems Inc.,180.56M,Canada
HBM.TO,Hudbay Minerals Inc.,13.61B,Canada
HBP.TO,Helix BioPharma Corp.,125.26M,Canada
HFPC-U.TO,Helios Fairfax Partners Corporation,268.32M,Canada
HLF.TO,High Liner Foods Incorporated,393.99M,Canada
HLS.TO,HLS Therapeutics Inc.,146.67M,Canada
HMM-A.TO,Hammond Manufacturing Company Limited,181.24M,Canada
HOM-U.TO,BSR Real Estate Investment Trust,550.81M,Canada
HOM-UN.TO,BSR Real Estate Investment Trust,550.81M,Canada
HOT-UN.TO,American Hotel Income Properties REIT LP,39.46M,Canada
HPS-A.TO,Hammond Power Solutions Inc.,3.70B,Canada
HR-UN.TO,H&R Real Estate Investment Trust,2.83B,Canada
HSLV.TO,Highlander Silver Corp.,1.67B,Canada
HWO.TO,High Arctic Energy Services Inc,10.67M,Canada
HWX.TO,Headwater Exploration Inc.,2.98B,Canada
IAG.TO,iA Financial Corporation Inc.,14.87B,Canada
IAU.TO,i-80 Gold Corp.,1.86B,Canada
ICE.TO,Canlan Ice Sports Corp.,56.02M,Canada
IFA.TO,iFabric Corp.,128.77M,Canada
IFC.TO,Intact Financial Corporation,45.08B,Canada
IFP.TO,Interfor Corporation,623.47M,Canada
IGM.TO,IGM Financial Inc.,18.00B,Canada
III.TO,Imperial Metals Corporation,1.12B,Canada
IIP-UN.TO,InterRent Real Estate Investment Trust,1.85B,Canada
ILLM.TO,illumin Holdings Inc.,44.03M,Canada
IMG.TO,IAMGOLD Corporation,14.79B,Canada
IMO.TO,Imperial Oil Limited,84.00B,Canada
IMP.TO,Intermap Technologies Corporation,148.30M,Canada
INO-UN.TO,Inovalis Real Estate Investment Trust,26.79M,Canada
IPCO.TO,International Petroleum Corporation,4.03B,Canada
IPO.TO,InPlay Oil Corp.,454.24M,Canada
IS.TO,Infrastructure Dividend Split Corp.,93.04M,Canada
ISC.TO,Information Services Corporation,833.85M,Canada
ISO.TO,IsoEnergy Ltd.,1.01B,Canada
ITH.TO,International Tower Hill Mines Ltd.,918.35M,Canada
IVN.TO,Ivanhoe Mines Ltd.,16.83B,Canada
IVQ.TO,Invesque Inc.,109.62M,Canada
IVQ-U.TO,Invesque Inc.,109.62M,Canada
JAG.TO,Jaguar Mining Inc.,603.29M,Canada
JOY.TO,Journey Energy Inc.,423.11M,Canada
JWEL.TO,Jamieson Wellness Inc.,1.46B,Canada
K.TO,Kinross Gold Corporation,51.50B,Canada
KBL.TO,K-Bro Linen Inc.,514.77M,Canada
KEC.TO,Kiwetinohk Energy Corp.,1.11B,Canada
KEI.TO,Kolibri Global Energy Inc.,250.80M,Canada
KEL.TO,Kelt Exploration Ltd.,1.97B,Canada
KEY.TO,Keyera Corp.,11.81B,Canada
KITS.TO,Kits Eyecare Ltd.,397.69M,Canada
KLS.TO,Kelso Technologies Inc.,7.19M,Canada
KMP-UN.TO,Killam Apartment REIT,2.18B,Canada
KNT.TO,K92 Mining Inc.,6.52B,Canada
KPT.TO,KP Tissue Inc.,114.35M,Canada
KRN.TO,Karnalyte Resources Inc.,18.92M,Canada
KSI.TO,"kneat.com, inc.",447.01M,Canada
KXS.TO,Kinaxis Inc.,4.34B,Canada
L.TO,Loblaw Companies Limited,70.68B,Canada
LABS.TO,MediPharm Labs Corp.,36.11M,Canada
LAC.TO,Lithium Americas Corp.,2.65B,Canada
LAM.TO,Laramide Resources Ltd.,209.90M,Canada
LAS-A.TO,Lassonde Industries Inc.,1.51B,Canada
LB.TO,Laurentian Bank of Canada,1.80B,Canada
LCFS.TO,Tidewater Renewables Ltd.,384.77M,Canada
LGD.TO,Liberty Gold Corp.,792.63M,Canada
LGO.TO,Largo Inc.,131.37M,Canada
LIF.TO,Labrador Iron Ore Royalty Corporation,1.82B,Canada
LMCU.TO,Lumina Metals Corp.,1.20B,Canada
LNF.TO,Leon's Furniture Limited,1.72B,Canada
LNR.TO,Linamar Corporation,5.68B,Canada
LOVE.TO,Cannara Biotech Inc.,173.86M,Canada
LSPD.TO,Lightspeed Commerce Inc.,1.85B,Canada
LUC.TO,Lucara Diamond Corp.,350.39M,Canada
LUG.TO,Lundin Gold Inc.,23.21B,Canada
LUN.TO,Lundin Mining Corporation,31.79B,Canada
MAL.TO,Magellan Aerospace Corporation,1.54B,Canada
MARI.TO,Marimaca Copper Corp.,1.15B,Canada
MATR.TO,Mattr Corp.,586.75M,Canada
MAU.TO,Montage Gold Corp.,5.84B,Canada
MBX.TO,Microbix Biosystems Inc.,34.51M,Canada
MCB.TO,McCoy Global Inc.,66.78M,Canada
MDA.TO,MDA Space Ltd.,6.56B,Canada
MDI.TO,Major Drilling Group International Inc.,1.38B,Canada
MDNA.TO,Medicenna Therapeutics Corp.,52.55M,Canada
MDP.TO,Medexus Pharmaceuticals Inc.,129.06M,Canada
MEQ.TO,Mainstreet Equity Corp.,1.64B,Canada
MER.TO,Meren Energy Inc.,1.58B,Canada
MFC.TO,Manulife Financial Corporation,91.32B,Canada
MFI.TO,Maple Leaf Foods Inc.,3.65B,Canada
MG.TO,Magna International Inc.,23.50B,Canada
MGA.TO,Mega Uranium Ltd.,284.09M,Canada
MHC-U.TO,Flagship Communities Real Estate Investment Trust,509.30M,Canada
MHC-UN.TO,Flagship Communities Real Estate Investment Trust,509.30M,Canada
MI-UN.TO,Minto Apartment Real Estate Investment Trust,645.84M,Canada
MKP.TO,MCAN Mortgage Corporation,1.01B,Canada
MKZ-UN.TO,Mackenzie Master Limited Partnership,3.19M,Canada
MOLY.TO,Greenland Resources Inc.,213.73M,Canada
MPC.TO,Madison Pacific Properties Inc.,281.28M,Canada
MPC-C.TO,Madison Pacific Properties Inc.,281.28M,Canada
MPVD.TO,Mountain Province Diamonds Inc.,9.57M,Canada
MRC.TO,Morguard Corporation,1.31B,Canada
MRD.TO,Melcor Developments Ltd.,554.79M,Canada
MRE.TO,Martinrea International Inc.,765.65M,Canada
MRG-UN.TO,Morguard North American Residential Real Estate Investment Trust,594.06M,Canada
MRT-UN.TO,Morguard Real Estate Investment Trust,435.38M,Canada
MRU.TO,Metro Inc.,18.83B,Canada
MSCL.TO,Satellos Bioscience Inc.,213.73M,Canada
MSV.TO,Minco Silver Corporation,29.58M,Canada
MTEK.TO,Metatek-Group Ltd.,185.24M,Canada
MTL.TO,Mullen Group Ltd.,2.03B,Canada
MTY.TO,MTY Food Group Inc.,890.36M,Canada
MX.TO,Methanex Corporation,6.37B,Canada
MXG.TO,Maxim Power Corp.,280.33M,Canada
NA.TO,National Bank of Canada,80.11B,Canada
NANO.TO,Nano One Materials Corp.,113.79M,Canada
NCF.TO,Northcliff Resources Ltd.,235.41M,Canada
NDM.TO,Northern Dynasty Minerals Ltd.,1.63B,Canada
NEO.TO,Neo Performance Materials Inc.,1.22B,Canada
NEXT.TO,NextSource Materials Inc.,85.93M,Canada
NFI.TO,NFI Group Inc.,2.55B,Canada
NG.TO,NovaGold Resources Inc.,5.26B,Canada
NGEX.TO,NGEx Minerals Ltd.,5.77B,Canada
NOA.TO,North American Construction Group Ltd.,553.26M,Canada
NOU.TO,Nouveau Monde Graphite Inc.,451.92M,Canada
NPI.TO,Northland Power Inc.,6.09B,Canada
NPS.TO,Canadian Large Cap Leaders Split Corp.,32.60M,Canada
NTR.TO,Nutrien Ltd.,44.88B,Canada
NUAG.TO,New Pacific Metals Corp.,1.44B,Canada
NVO.TO,Novo Resources Corp.,32.22M,Canada
NWC.TO,The North West Company Inc.,2.38B,Canada
NXE.TO,NexGen Energy Ltd.,10.99B,Canada
NXR-UN.TO,Nexus Industrial REIT,581.01M,Canada
OBE.TO,Obsidian Energy Ltd.,1.15B,Canada
OCG.TO,Outcrop Silver & Gold Corporation,181.09M,Canada
OGC.TO,OceanaGold Corporation,9.77B,Canada
OGD.TO,Orbit Garant Drilling Inc.,70.59M,Canada
OGI.TO,Organigram Global Inc.,264.40M,Canada
OLA.TO,Orla Mining Ltd.,7.09B,Canada
OLY.TO,Olympia Financial Group Inc.,292.88M,Canada
OM.TO,Osisko Metals Incorporated,1.28B,Canada
ONEX.TO,Onex Corporation,8.81B,Canada
OR.TO,OR Royalties Inc.,9.86B,Canada
ORE.TO,Orezone Gold Corporation,1.48B,Canada
ORIO.TO,Orion Digital Corp.,32.30M,Canada
ORV.TO,Orvana Minerals Corp.,255.49M,Canada
OTEX.TO,Open Text Corporation,8.21B,Canada
PAAS.TO,Pan American Silver Corp.,34.10B,Canada
PBH.TO,Premium Brands Holdings Corporation,4.68B,Canada
PBL.TO,Pollard Banknote Limited,485.32M,Canada
PD.TO,Precision Drilling Corporation,1.56B,Canada
PET.TO,Pet Valu Holdings Ltd.,1.38B,Canada
PEY.TO,Peyto Exploration & Development Corp.,5.12B,Canada
PHX.TO,PHX Energy Services Corp.,506.40M,Canada
PIF.TO,Polaris Renewable Energy Inc.,261.95M,Canada
PLZ-UN.TO,Plaza Retail REIT,494.88M,Canada
PMET.TO,PMET Resources Inc.,1.33B,Canada
PMZ-UN.TO,Primaris Real Estate Investment Trust,2.26B,Canada
PNC-A.TO,Postmedia Network Canada Corp.,93.09M,Canada
PNC-B.TO,Postmedia Network Canada Corp.,93.09M,Canada
PNE.TO,Pine Cliff Energy Ltd.,222.45M,Canada
PNP.TO,Pinetree Capital Ltd.,84.48M,Canada
POU.TO,Paramount Resources Ltd.,4.23B,Canada
POW.TO,Power Corporation of Canada,49.66B,Canada
PPL.TO,Pembina Pipeline Corporation,36.39B,Canada
PPR.TO,Prairie Provident Resources Inc.,23.14M,Canada
PPTA.TO,Perpetua Resources Corp.,5.13B,Canada
PRL.TO,Propel Holdings Inc.,924.61M,Canada
PRN.TO,Profound Medical Corp.,342.30M,Canada
PRQ.TO,Petrus Resources Ltd.,274.07M,Canada
PRV-UN.TO,Pro Real Estate Investment Trust,415.68M,Canada
PSD.TO,Pulse Seismic Inc.,182.57M,Canada
PSI.TO,Pason Systems Inc.,1.13B,Canada
PSK.TO,PrairieSky Royalty Ltd.,7.70B,Canada
PTM.TO,Platinum Group Metals Ltd.,310.72M,Canada
PXT.TO,Parex Resources Inc.,2.68B,Canada
PYR.TO,PyroGenesis Inc.,90.91M,Canada
PZA.TO,Pizza Pizza Royalty Corp.,475.63M,Canada
QBR-A.TO,Quebecor Inc.,12.78B,Canada
QBR-B.TO,Quebecor Inc.,12.78B,Canada
QEC.TO,Questerre Energy Corporation,148.85M,Canada
QSP-UN.TO,Restaurant Brands International Limited Partnership,35.15B,Canada
QSR.TO,Restaurant Brands International Inc.,37.86B,Canada
QTRH.TO,Quarterhill Inc.,178.77M,Canada
RAY.TO,Stingray Group Inc.,1.01B,Canada
RBA.TO,"RB Global, Inc.",26.34B,Canada
RBY.TO,Rubellite Energy Corp.,301.98M,Canada
RCH.TO,Richelieu Hardware Ltd.,2.09B,Canada
RCI-A.TO,Rogers Communications Inc.,27.37B,Canada
RCI-B.TO,Rogers Communications Inc.,27.37B,Canada
REAL.TO,Real Matters Inc.,438.31M,Canada
REI-UN.TO,RioCan Real Estate Investment Trust,6.38B,Canada
RFA.TO,RFA Financial Inc.,1.12B,Canada
RGSI.TO,Rockpoint Gas Storage Inc.,1.51B,Canada
RIC.TO,Richards Group Inc.,312.27M,Canada
RIO.TO,Rio2 Limited,1.72B,Canada
RM.TO,Roxmore Resources Inc.,291.64M,Canada
ROOT.TO,Roots Corporation,153.26M,Canada
RPR-UN.TO,Ravelin Properties REIT,2.02M,Canada
RSI.TO,Rogers Sugar Inc.,852.97M,Canada
RUA.TO,Rua Gold Inc.,156.31M,Canada
RUP.TO,Rupert Resources Ltd.,2.57B,Canada
RUS.TO,Russel Metals Inc.,3.13B,Canada
RVX.TO,Resverlogix Corp.,31.67M,Canada
RY.TO,Royal Bank of Canada,347.46B,Canada
S.TO,Sherritt International Corporation,94.94M,Canada
SAM.TO,Starcore International Mines Ltd.,72.57M,Canada
SAP.TO,Saputo Inc.,16.61B,Canada
SCR.TO,Strathcona Resources Ltd.,8.98B,Canada
SDE.TO,Spartan Delta Corp.,2.55B,Canada
SEA.TO,Seabridge Gold Inc.,4.59B,Canada
SEC.TO,Senvest Capital Inc.,896.19M,Canada
SES.TO,SECURE Waste Infrastructure Corp.,4.76B,Canada
SFD.TO,NXT Energy Solutions Inc.,45.47M,Canada
SFI.TO,Solution Financial Inc.,23.13M,Canada
SGD.TO,Snowline Gold Corp.,2.78B,Canada
SGR-U.TO,Slate Grocery REIT,971.30M,Canada
SGR-UN.TO,Slate Grocery REIT,971.30M,Canada
SGY.TO,Surge Energy Inc.,958.76M,Canada
SHLE.TO,Source Energy Services Ltd.,196.60M,Canada
SHOP.TO,Shopify Inc.,196.13B,Canada
SIA.TO,Sienna Senior Living Inc.,2.43B,Canada
SII.TO,Sprott Inc.,4.98B,Canada
SIS.TO,Savaria Corporation,2.04B,Canada
SJ.TO,Stella-Jones Inc.,3.89B,Canada
SKE.TO,Skeena Resources Limited,5.30B,Canada
SLF.TO,Sun Life Financial Inc.,53.11B,Canada
SLS.TO,Solaris Resources Inc.,2.33B,Canada
SLT.TO,Saltire Capital Ltd.,45.43M,Canada
SLT-U.TO,Saltire Capital Ltd.,45.43M,Canada
SOBO.TO,South Bow Corporation,9.91B,Canada
SOIL.TO,Saturn Oil & Gas Inc.,1.18B,Canada
SPB.TO,Superior Plus Corp.,1.61B,Canada
SRU-UN.TO,SmartCentres Real Estate Investment Trust,4.12B,Canada
SRV-UN.TO,SIR Royalty Income Fund,131.50M,Canada
SSRM.TO,SSR Mining Inc.,9.70B,Canada
STC.TO,Sangoma Technologies Corporation,191.69M,Canada
STCK.TO,Stack Capital Group Inc.,443.74M,Canada
STGO.TO,Steppe Gold Ltd.,364.07M,Canada
STLR.TO,STLLR Gold Inc.,280.92M,Canada
STN.TO,Stantec Inc.,13.64B,Canada
SU.TO,Suncor Energy Inc.,103.41B,Canada
SVA.TO,Sernova Biotherapeutics Inc,59.65M,Canada
SVI.TO,StorageVault Canada Inc.,1.58B,Canada
SVM.TO,Silvercorp Metals Inc.,4.09B,Canada
SWP.TO,Swiss Water Decaffeinated Coffee Inc.,51.13M,Canada
SXGC.TO,Southern Cross Gold Consolidated Ltd.,2.68B,Canada
SXP.TO,Supremex Inc.,90.03M,Canada
SYZ.TO,Sylogist Ltd.,89.35M,Canada
T.TO,TELUS Corporation,27.48B,Canada
TA.TO,TransAlta Corporation,5.21B,Canada
TAL.TO,PetroTal Corp.,515.38M,Canada
TBL.TO,Taiga Building Products Ltd.,381.04M,Canada
TCL-A.TO,Transcontinental Inc.,469.37M,Canada
TCL-B.TO,Transcontinental Inc.,469.37M,Canada
TCS.TO,Tecsys Inc.,509.93M,Canada
TCW.TO,Trican Well Service Ltd.,1.42B,Canada
TD.TO,The Toronto-Dominion Bank,245.23B,Canada
TECK-A.TO,Teck Resources Limited,43.45B,Canada
TECK-B.TO,Teck Resources Limited,43.45B,Canada
TELY.TO,TelyRx Holdings Inc.,131.03M,Canada
TF.TO,Timbercreek Financial Corp.,548.65M,Canada
TFII.TO,TFI International Inc.,15.62B,Canada
TFPM.TO,Triple Flag Precious Metals Corp.,9.41B,Canada
TGO.TO,TeraGo Inc.,37.07M,Canada
THNC.TO,Thinkific Labs Inc.,92.55M,Canada
TI.TO,Titan Mining Corporation,326.32M,Canada
TIH.TO,Toromont Industries Ltd.,17.72B,Canada
TINY.TO,Tiny Ltd.,165.52M,Canada
TKO.TO,Taseko Mines Limited,3.74B,Canada
TLG.TO,Troilus Mining Corp.,989.43M,Canada
TMQ.TO,Trilogy Metals Inc.,1.08B,Canada
TNT-UN.TO,True North Commercial Real Estate Investment Trust,116.61M,Canada
TNZ.TO,Tenaz Energy Corp.,1.95B,Canada
TOT.TO,Total Energy Services Inc.,822.34M,Canada
TOU.TO,Tourmaline Oil Corp.,25.31B,Canada
TOY.TO,Spin Master Corp.,2.00B,Canada
TPX-A.TO,Molson Coors Canada Inc.,607.41M,Canada
TPX-B.TO,Molson Coors Canada Inc.,607.41M,Canada
TPZ.TO,Topaz Energy Corp.,4.87B,Canada
TRI.TO,Thomson Reuters Corporation,55.41B,Canada
TRP.TO,TC Energy Corporation,92.33B,Canada
TRX.TO,TRX Gold Corporation,560.03M,Canada
TRZ.TO,Transat A.T. Inc.,109.45M,Canada
TSAT.TO,Telesat Corporation,1.14B,Canada
TSK.TO,Talisker Resources Ltd.,303.61M,Canada
TSL.TO,Tree Island Steel Ltd.,65.21M,Canada
TSND.TO,TerrAscend Corp.,297.18M,Canada
TSU.TO,Trisura Group Ltd.,2.00B,Canada
TVA-B.TO,TVA Group Inc.,41.05M,Canada
TVE.TO,Tamarack Valley Energy Ltd.,5.78B,Canada
TVK.TO,TerraVest Industries Inc.,2.78B,Canada
TWC.TO,TWC Enterprises Limited,585.90M,Canada
TWM.TO,Tidewater Midstream and Infrastructure Ltd.,338.12M,Canada
TXG.TO,Torex Gold Resources Inc.,6.40B,Canada
TXP.TO,Touchstone Exploration Inc.,55.20M,Canada
UNI.TO,Unisync Corp.,47.91M,Canada
URC.TO,Uranium Royalty Corp.,804.79M,Canada
URE.TO,Ur-Energy Inc.,949.62M,Canada
USA.TO,Americas Gold and Silver Corporation,2.94B,Canada
VBNK.TO,VersaBank,829.92M,Canada
VCM.TO,Vecima Networks Inc.,321.93M,Canada
VET.TO,Vermilion Energy Inc.,2.48B,Canada
VGZ.TO,Vista Gold Corp.,446.45M,Canada
VHI.TO,Vitalhub Corp.,506.08M,Canada
VITL-UN.TO,Vital Infrastructure Property Trust,1.43B,Canada
VLE.TO,Valeura Energy Inc.,1.33B,Canada
VLN.TO,Velan Inc.,335.01M,Canada
VMET.TO,Versamet Royalties Corporation,1.78B,Canada
VNP.TO,5N Plus Inc.,3.38B,Canada
VOXR.TO,Vox Royalty Corp.,562.23M,Canada
VRTS.TO,Vertiqal Studios Corp.,8.66M,Canada
VZLA.TO,Vizsla Silver Corp.,1.69B,Canada
WCM-A.TO,Wilmington Capital Management Inc.,31.04M,Canada
WCM-B.TO,Wilmington Capital Management Inc.,31.04M,Canada
WCN.TO,"Waste Connections, Inc.",52.81B,Canada
WCP.TO,Whitecap Resources Inc.,18.97B,Canada
WDO.TO,Wesdome Gold Mines Ltd.,4.17B,Canada
WEED.TO,Canopy Growth Corporation,586.46M,Canada
WEF.TO,Western Forest Products Inc.,151.40M,Canada
WELL.TO,WELL Health Technologies Corp.,1.06B,Canada
WFC.TO,Wall Financial Corporation,510.54M,Canada
WFG.TO,West Fraser Timber Co. Ltd.,6.63B,Canada
WILD.TO,WildBrain Ltd.,290.79M,Canada
WJX.TO,Wajax Corporation,645.17M,Canada
WM.TO,Wallbridge Mining Company Limited,91.69M,Canada
WN.TO,George Weston Limited,36.21B,Canada
WNDR.TO,WonderFi Technologies Inc.,223.31M,Canada
WPK.TO,Winpak Ltd.,2.38B,Canada
WPM.TO,Wheaton Precious Metals Corp.,86.26B,Canada
WPRT.TO,Westport Fuel Systems Inc.,47.32M,Canada
WRG.TO,Western Energy Services Corp.,101.89M,Canada
WRN.TO,Western Copper and Gold Corporation,947.64M,Canada
WRX.TO,Western Resources Corp.,16.33M,Canada
WSP.TO,WSP Global Inc.,29.06B,Canada
WTE.TO,Westshore Terminals Investment Corporation,2.34B,Canada
X.TO,TMX Group Limited,15.28B,Canada
XLY.TO,Auxly Cannabis Group Inc.,200.54M,Canada
XNDU.TO,Xanadu Quantum Technologies Limited,6.42B,Canada
XTC.TO,Exco Technologies Limited,287.59M,Canada
XTRA.TO,Xtract One Technologies Inc.,122.17M,Canada
Y.TO,Yellow Pages Limited,180.79M,Canada
YGR.TO,Yangarra Resources Ltd.,145.72M,Canada
YRB.TO,Yorbeau Resources Inc.,28.52M,Canada
